,adjusted_net_yards_per_attempt_index,adjusted_net_yards_per_pass_attempt,adjusted_yards_per_attempt,adjusted_yards_per_attempt_index,all_purpose_yards,approximate_value,assists_on_tackles,attempted_passes,birth_date,blocked_punts,catch_percentage,completed_passes,completion_percentage_index,espn_qbr,extra_point_percentage,extra_points_attempted,extra_points_made,field_goal_percentage,field_goals_attempted,field_goals_made,fifty_plus_yard_field_goal_attempts,fifty_plus_yard_field_goals_made,fourth_quarter_comebacks,fourty_to_fourty_nine_yard_field_goal_attempts,fourty_to_fourty_nine_yard_field_goals_made,fumbles,fumbles_forced,fumbles_recovered,fumbles_recovered_for_touchdown,game_winning_drives,games,games_started,height,interception_percentage,interception_percentage_index,interceptions,interceptions_returned_for_touchdown,interceptions_thrown,kickoff_return_touchdown,kickoff_return_yards,kickoff_returns,less_than_nineteen_yards_field_goal_attempts,less_than_nineteen_yards_field_goals_made,longest_field_goal_made,longest_interception_return,longest_kickoff_return,longest_pass,longest_punt,longest_punt_return,longest_reception,longest_rush,name,net_yards_per_attempt_index,net_yards_per_pass_attempt,passer_rating_index,passes_defended,passing_completion,passing_touchdown_percentage,passing_touchdowns,passing_yards,passing_yards_per_attempt,player_id,position,punt_return_touchdown,punt_return_yards,punt_returns,punts,qb_record,quarterback_rating,receiving_touchdowns,receiving_yards,receiving_yards_per_game,receiving_yards_per_reception,receptions,receptions_per_game,rush_attempts,rush_attempts_per_game,rush_touchdowns,rush_yards,rush_yards_per_attempt,rush_yards_per_game,rushing_and_receiving_touchdowns,sack_percentage,sack_percentage_index,sacks,safeties,season,tackles,team_abbreviation,thirty_to_thirty_nine_yard_field_goal_attempts,thirty_to_thirty_nine_yard_field_goals_made,times_pass_target,times_sacked,total_punt_yards,touchdown_percentage_index,touches,twenty_to_twenty_nine_yard_field_goal_attempts,twenty_to_twenty_nine_yard_field_goals_made,weight,yards_from_scrimmage,yards_lost_to_sacks,yards_per_attempt_index,yards_per_completed_pass,yards_per_game_played,yards_per_kickoff_return,yards_per_punt,yards_per_punt_return,yards_per_touch,yards_recovered_from_fumble,yards_returned_from_interception
2017,,,,,652.0,4,,,1996-03-07,,63.6,,,,,,,,,,,,,,,1,0,0,0,,14,0,6-0,,,,,,0.0,69.0,3.0,,,,,34.0,,,,34,35,Marlon Mack,,,,,,,,,,MackMa00,,,,,,,,1,225,16.1,10.7,21,1.5,93,6.6,3,358,3.8,25.6,4,,,0.0,,2017,,IND,,,33,,,,114,,,210,583,,,,,23.0,,,5.1,0,
2018,,,,,,7,,,1996-03-07,,65.4,,,,,,,,,,,,,,,2,0,0,0,,12,10,6-0,,,,,,,,,,,,,,,,,29,49,Marlon Mack,,,,,,,,,,MackMa00,RB,,,,,,,1,103,8.6,6.1,17,1.4,195,16.3,9,908,4.7,75.7,10,,,0.0,,2018,,IND,,,26,,,,212,,,210,1011,,,,,,,,4.8,0,
2019,,,,,,8,,,1996-03-07,,82.4,,,,,,,,,,,,,,,0,0,1,0,,14,12,6-0,,,,,,,,,,,,,,,,,14,63,Marlon Mack,,,,,,,,,,MackMa00,RB,,,,,,,0,82,5.9,5.9,14,1.0,247,17.6,8,1091,4.4,77.9,8,,,0.0,,2019,,IND,,,17,,,,261,,,210,1173,,,,,,,,4.5,0,
Career,,,,,2836.0,19,,,1996-03-07,,68.4,,,,,,,,,,,,,,,3,0,1,0,,40,22,6-0,,,,,,0.0,69.0,3.0,,,,,34.0,,,,34,63,Marlon Mack,,,,,,,,,,MackMa00,,,,,,,,2,410,10.3,7.9,52,1.3,535,13.4,20,2357,4.4,58.9,22,,,0.0,,Career,,,,,76,,,,587,,,210,2767,,,,,23.0,,,4.7,0,
