,adjusted_net_yards_per_attempt_index,adjusted_net_yards_per_pass_attempt,adjusted_yards_per_attempt,adjusted_yards_per_attempt_index,all_purpose_yards,approximate_value,assists_on_tackles,attempted_passes,birth_date,blocked_punts,catch_percentage,completed_passes,completion_percentage_index,espn_qbr,extra_point_percentage,extra_points_attempted,extra_points_made,field_goal_percentage,field_goals_attempted,field_goals_made,fifty_plus_yard_field_goal_attempts,fifty_plus_yard_field_goals_made,fourth_quarter_comebacks,fourty_to_fourty_nine_yard_field_goal_attempts,fourty_to_fourty_nine_yard_field_goals_made,fumbles,fumbles_forced,fumbles_recovered,fumbles_recovered_for_touchdown,game_winning_drives,games,games_started,height,interception_percentage,interception_percentage_index,interceptions,interceptions_returned_for_touchdown,interceptions_thrown,kickoff_return_touchdown,kickoff_return_yards,kickoff_returns,less_than_nineteen_yards_field_goal_attempts,less_than_nineteen_yards_field_goals_made,longest_field_goal_made,longest_interception_return,longest_kickoff_return,longest_pass,longest_punt,longest_punt_return,longest_reception,longest_rush,name,net_yards_per_attempt_index,net_yards_per_pass_attempt,passer_rating_index,passes_defended,passing_completion,passing_touchdown_percentage,passing_touchdowns,passing_yards,passing_yards_per_attempt,player_id,position,punt_return_touchdown,punt_return_yards,punt_returns,punts,qb_record,quarterback_rating,receiving_touchdowns,receiving_yards,receiving_yards_per_game,receiving_yards_per_reception,receptions,receptions_per_game,rush_attempts,rush_attempts_per_game,rush_touchdowns,rush_yards,rush_yards_per_attempt,rush_yards_per_game,rushing_and_receiving_touchdowns,sack_percentage,sack_percentage_index,sacks,safeties,season,tackles,team_abbreviation,thirty_to_thirty_nine_yard_field_goal_attempts,thirty_to_thirty_nine_yard_field_goals_made,times_pass_target,times_sacked,total_punt_yards,touchdown_percentage_index,touches,twenty_to_twenty_nine_yard_field_goal_attempts,twenty_to_twenty_nine_yard_field_goals_made,weight,yards_from_scrimmage,yards_lost_to_sacks,yards_per_attempt_index,yards_per_completed_pass,yards_per_game_played,yards_per_kickoff_return,yards_per_punt,yards_per_punt_return,yards_per_touch,yards_recovered_from_fumble,yards_returned_from_interception
2011,,,,,,0,4.0,,1987-09-06,,,,,,,,,,,,,,,,,,,,,,7,0,6-3,,,,,,,,,,,,,,,,,,,Mario Addison,,,,,,,,,,AddiMa00,,,,,,,,,,,,,,,,,,,,,,,0.0,,2011,1.0,2TM,,,,,,,,,,260,,,,,,,,,,,
,,,,,,0,,,1987-09-06,,,,,,,,,,,,,,,,,,,,,,4,0,6-3,,,,,,,,,,,,,,,,,,,Mario Addison,,,,,,,,,,AddiMa00,,,,,,,,,,,,,,,,,,,,,,,0.0,,,,CHI,,,,,,,,,,260,,,,,,,,,,,
2012,,,,,,1,2.0,,1987-09-06,,,,,,,,,,,,,,,,,0.0,1.0,0.0,0.0,,12,1,6-3,,,,,,,,,,,,,,,,,,,Mario Addison,,,,,,,,,,AddiMa00,,,,,,,,,,,,,,,,,,,,,,,1.0,,2012,8.0,3TM,,,,,,,,,,260,,,,,,,,,,0.0,
2013,,,,,,3,8.0,,1987-09-06,,,,,,,,,,,,,,,,,0.0,1.0,1.0,0.0,,16,2,6-3,,,,,,,,,,,,,,,,,,,Mario Addison,,,,,,,,,,AddiMa00,de,,,,,,,,,,,,,,,,,,,,,,2.5,,2013,13.0,CAR,,,,,,,,,,260,,,,,,,,,,0.0,
2014,,,,,,2,13.0,,1987-09-06,,,,,,,,,,,,,,,,,0.0,1.0,2.0,0.0,,16,0,6-3,,,,,,,,,,,,,,,,,,,Mario Addison,,,,,,,,,,AddiMa00,,,,,,,,,,,,,,,,,,,,,,,6.5,,2014,10.0,CAR,,,,,,,,,,260,,,,,,,,,,0.0,
2015,,,,,,2,8.0,,1987-09-06,,,,,,,,,,,,,,,,,,,,,,14,0,6-3,,,,,,,,,,,,,,,,,,,Mario Addison,,,,,,,,,,AddiMa00,,,,,,,,,,,,,,,,,,,,,,,6.0,,2015,15.0,CAR,,,,,,,,,,260,,,,,,,,,,,
2016,,,,,,3,5.0,,1987-09-06,,,,,,,,,,,,,,,,,0.0,2.0,1.0,0.0,,14,1,6-3,,,0.0,0.0,,,,,,,,0.0,,,,,,,Mario Addison,,,,1.0,,,,,,AddiMa00,de,,,,,,,,,,,,,,,,,,,,,,9.5,1.0,2016,22.0,CAR,,,,,,,,,,260,,,,,,,,,,0.0,0.0
2017,,,,,,7,17.0,,1987-09-06,,,,,,,,,,,,,,,,,0.0,2.0,0.0,0.0,,16,16,6-3,,,0.0,0.0,,,,,,,,0.0,,,,,,,Mario Addison,,,,1.0,,,,,,AddiMa00,DE,,,,,,,,,,,,,,,,,,,,,,11.0,,2017,27.0,CAR,,,,,,,,,,260,,,,,,,,,,0.0,0.0
2018,,,,,,7,15.0,,1987-09-06,,,,,,,,,,,,,,,,,0.0,2.0,0.0,0.0,,16,16,6-3,,,,,,,,,,,,,,,,,,,Mario Addison,,,,,,,,,,AddiMa00,DE,,,,,,,,,,,,,,,,,,,,,,9.0,,2018,20.0,CAR,,,,,,,,,,260,,,,,,,,,,0.0,
2019,,,,,,6,14.0,,1987-09-06,,,,,,,,,,,,,,,,,0.0,2.0,0.0,0.0,,15,15,6-3,,,,,,,,,,,,,,,,,,,Mario Addison,,,,,,,,,,AddiMa00,de/LB,,,,,,,,,,,,,,,,,,,,,,9.5,,2019,20.0,CAR,,,,,,,,,,260,,,,,,,,,,0.0,
Career,,,,,,31,86.0,,1987-09-06,,,,,,,,,,,,,,,,,0.0,11.0,4.0,0.0,,126,51,6-3,,,0.0,0.0,,,,,,,,0.0,,,,,,,Mario Addison,,,,2.0,,,,,,AddiMa00,,,,,,,,,,,,,,,,,,,,,,,55.0,1.0,Career,136.0,,,,,,,,,,,260,,,,,,,,,,0.0,0.0
