,adjusted_yards_per_attempt,assists_on_tackles,completed_passes,extra_points_made,field_goals_made,fumbles_forced,fumbles_recovered,fumbles_recovered_for_touchdown,games,height,interceptions,interceptions_returned_for_touchdown,interceptions_thrown,kickoff_return_touchdowns,name,other_touchdowns,pass_attempts,passes_defended,passing_completion,passing_touchdowns,passing_yards,passing_yards_per_attempt,player_id,plays_from_scrimmage,points,position,punt_return_touchdowns,quarterback_rating,receiving_touchdowns,receiving_yards,receiving_yards_per_reception,receptions,rush_attempts,rush_touchdowns,rush_yards,rush_yards_per_attempt,rushing_and_receiving_touchdowns,sacks,safeties,season,solo_tackles,tackles_for_loss,team_abbreviation,total_tackles,total_touchdowns,two_point_conversions,weight,yards_from_scrimmage,yards_from_scrimmage_per_play,yards_recovered_from_fumble,yards_returned_from_interceptions,yards_returned_per_interception,year
2012,,10,,,,0,0,0.0,,6-2,,,,,Sheldon Day,,,1,,,,,sheldon-day-1,,,DL,,,,,,,,,,,,2.0,,2012,13,3.5,Notre Dame,23,,,285,,,0.0,,,FR
2013,,12,,,,0,0,,10.0,6-2,0.0,0.0,,,Sheldon Day,,,1,,,,,sheldon-day-1,,,DL,,,,,,,,,,,,0.5,,2013,21,5.5,Notre Dame,33,,,285,,,,0.0,,SO
2014,,16,,,,0,2,,11.0,6-2,0.0,0.0,,,Sheldon Day,,,2,,,,,sheldon-day-1,,,DL,,,,,,,,,,,,1.0,,2014,24,7.5,Notre Dame,40,,,285,,,,0.0,,JR
2015,,12,,,,2,0,,13.0,6-2,0.0,0.0,,,Sheldon Day,,,4,,,,,sheldon-day-1,,,DL,,,,,,,,,,,,4.0,,2015,33,15.5,Notre Dame,45,,,285,,,,0.0,,SR
Career,,50,,,,2,2,0.0,,6-2,0.0,0.0,,,Sheldon Day,,,8,,,,,sheldon-day-1,,,DL,,,,,,,,,,,,7.5,,Career,91,32.0,Notre Dame,141,,,285,,,0.0,0.0,,
