,adjusted_net_yards_per_attempt_index,adjusted_net_yards_per_pass_attempt,adjusted_yards_per_attempt,adjusted_yards_per_attempt_index,all_purpose_yards,approximate_value,assists_on_tackles,attempted_passes,birth_date,blocked_punts,catch_percentage,completed_passes,completion_percentage_index,espn_qbr,extra_point_percentage,extra_points_attempted,extra_points_made,field_goal_percentage,field_goals_attempted,field_goals_made,fifty_plus_yard_field_goal_attempts,fifty_plus_yard_field_goals_made,fourth_quarter_comebacks,fourty_to_fourty_nine_yard_field_goal_attempts,fourty_to_fourty_nine_yard_field_goals_made,fumbles,fumbles_forced,fumbles_recovered,fumbles_recovered_for_touchdown,game_winning_drives,games,games_started,height,interception_percentage,interception_percentage_index,interceptions,interceptions_returned_for_touchdown,interceptions_thrown,kickoff_return_touchdown,kickoff_return_yards,kickoff_returns,less_than_nineteen_yards_field_goal_attempts,less_than_nineteen_yards_field_goals_made,longest_field_goal_made,longest_interception_return,longest_kickoff_return,longest_pass,longest_punt,longest_punt_return,longest_reception,longest_rush,name,net_yards_per_attempt_index,net_yards_per_pass_attempt,passer_rating_index,passes_defended,passing_completion,passing_touchdown_percentage,passing_touchdowns,passing_yards,passing_yards_per_attempt,player_id,position,punt_return_touchdown,punt_return_yards,punt_returns,punts,qb_record,quarterback_rating,receiving_touchdowns,receiving_yards,receiving_yards_per_game,receiving_yards_per_reception,receptions,receptions_per_game,rush_attempts,rush_attempts_per_game,rush_touchdowns,rush_yards,rush_yards_per_attempt,rush_yards_per_game,rushing_and_receiving_touchdowns,sack_percentage,sack_percentage_index,sacks,safeties,season,tackles,team_abbreviation,thirty_to_thirty_nine_yard_field_goal_attempts,thirty_to_thirty_nine_yard_field_goals_made,times_pass_target,times_sacked,total_punt_yards,touchdown_percentage_index,touches,twenty_to_twenty_nine_yard_field_goal_attempts,twenty_to_twenty_nine_yard_field_goals_made,weight,yards_from_scrimmage,yards_lost_to_sacks,yards_per_attempt_index,yards_per_completed_pass,yards_per_game_played,yards_per_kickoff_return,yards_per_punt,yards_per_punt_return,yards_per_touch,yards_recovered_from_fumble,yards_returned_from_interception
2017,,,,,728.0,4,,,1995-02-28,,58.3,,,,,,,,,,,,,,,1,0,1,0,,16,0,5-10,,,,,,0.0,83.0,5.0,,,,,28.0,,,,32,33,Matt Breida,,,,,,,,,,BreiMa00,,,,,,,,1,180,11.3,8.6,21,1.3,105,6.6,2,465,4.4,29.1,3,,,0.0,,2017,,SFO,,,36,,,,126,,,190,645,,,,,16.6,,,5.1,0,
2018,,,,,,6,,,1995-02-28,,87.1,,,,,,,,,,,,,,,1,0,2,0,,14,13,5-10,,,,,,,,,,,,,,,,,26,66,Matt Breida,,,,,,,,,,BreiMa00,RB,,,,,,,2,261,18.6,9.7,27,1.9,153,10.9,3,814,5.3,58.1,5,,,0.0,,2018,,SFO,,,31,,,,180,,,190,1075,,,,,,,,6.0,0,
2019,,,,,,6,,,1995-02-28,,86.4,,,,,,,,,,,,,,,2,0,0,0,,13,5,5-10,,,,,,,,,,,,,,,,,17,83,Matt Breida,,,,,,,,,,BreiMa00,rb,,,,,,,1,120,9.2,6.3,19,1.5,123,9.5,1,623,5.1,47.9,2,,,0.0,,2019,,SFO,,,22,,,,142,,,190,743,,,,,,,,5.2,0,
Career,,,,,2546.0,16,,,1995-02-28,,75.3,,,,,,,,,,,,,,,4,0,3,0,,43,18,5-10,,,,,,0.0,83.0,5.0,,,,,28.0,,,,32,83,Matt Breida,,,,,,,,,,BreiMa00,,,,,,,,4,561,13.0,8.4,67,1.6,381,8.9,6,1902,5.0,44.2,10,,,0.0,,Career,,,,,89,,,,448,,,190,2463,,,,,16.6,,,5.5,0,
