,adjusted_yards_per_attempt,assists_on_tackles,completed_passes,extra_points_made,field_goals_made,fumbles_forced,fumbles_recovered,fumbles_recovered_for_touchdown,games,height,interceptions,interceptions_returned_for_touchdown,interceptions_thrown,kickoff_return_touchdowns,name,other_touchdowns,pass_attempts,passes_defended,passing_completion,passing_touchdowns,passing_yards,passing_yards_per_attempt,player_id,plays_from_scrimmage,points,position,punt_return_touchdowns,quarterback_rating,receiving_touchdowns,receiving_yards,receiving_yards_per_reception,receptions,rush_attempts,rush_touchdowns,rush_yards,rush_yards_per_attempt,rushing_and_receiving_touchdowns,sacks,safeties,season,solo_tackles,tackles_for_loss,team_abbreviation,total_tackles,total_touchdowns,two_point_conversions,weight,yards_from_scrimmage,yards_from_scrimmage_per_play,yards_recovered_from_fumble,yards_returned_from_interceptions,yards_returned_per_interception,year
2012,,15,,,,0,0,0.0,,6-8,,,,,Arik Armstead,,,0,,,,,arik-armstead-1,,,DL,,,,,,,,,,,,0.5,,2012,11,2.0,Oregon,26,,,290,,,0.0,,,FR
2013,,9,,,,0,0,,9.0,6-8,0.0,0.0,,,Arik Armstead,,,2,,,,,arik-armstead-1,,,DL,,,,,,,,,,,,1.0,,2013,6,3.0,Oregon,15,,,290,,,,0.0,,SO
2014,,21,,,,1,2,,11.0,6-8,0.0,0.0,,,Arik Armstead,,,0,,,,,arik-armstead-1,,,DL,,,,,,,,,,,,2.5,,2014,25,5.5,Oregon,46,,,290,,,,0.0,,JR
Career,,45,,,,1,2,0.0,,6-8,0.0,0.0,,,Arik Armstead,,,2,,,,,arik-armstead-1,,,DL,,,,,,,,,,,,4.0,,Career,42,10.5,Oregon,87,,,290,,,0.0,0.0,,
