,adjusted_net_yards_per_attempt_index,adjusted_net_yards_per_pass_attempt,adjusted_yards_per_attempt,adjusted_yards_per_attempt_index,all_purpose_yards,approximate_value,assists_on_tackles,attempted_passes,birth_date,blocked_punts,catch_percentage,completed_passes,completion_percentage_index,espn_qbr,extra_point_percentage,extra_points_attempted,extra_points_made,field_goal_percentage,field_goals_attempted,field_goals_made,fifty_plus_yard_field_goal_attempts,fifty_plus_yard_field_goals_made,fourth_quarter_comebacks,fourty_to_fourty_nine_yard_field_goal_attempts,fourty_to_fourty_nine_yard_field_goals_made,fumbles,fumbles_forced,fumbles_recovered,fumbles_recovered_for_touchdown,game_winning_drives,games,games_started,height,interception_percentage,interception_percentage_index,interceptions,interceptions_returned_for_touchdown,interceptions_thrown,kickoff_return_touchdown,kickoff_return_yards,kickoff_returns,less_than_nineteen_yards_field_goal_attempts,less_than_nineteen_yards_field_goals_made,longest_field_goal_made,longest_interception_return,longest_kickoff_return,longest_pass,longest_punt,longest_punt_return,longest_reception,longest_rush,name,net_yards_per_attempt_index,net_yards_per_pass_attempt,passer_rating_index,passes_defended,passing_completion,passing_touchdown_percentage,passing_touchdowns,passing_yards,passing_yards_per_attempt,player_id,position,punt_return_touchdown,punt_return_yards,punt_returns,punts,qb_record,quarterback_rating,receiving_touchdowns,receiving_yards,receiving_yards_per_game,receiving_yards_per_reception,receptions,receptions_per_game,rush_attempts,rush_attempts_per_game,rush_touchdowns,rush_yards,rush_yards_per_attempt,rush_yards_per_game,rushing_and_receiving_touchdowns,sack_percentage,sack_percentage_index,sacks,safeties,season,tackles,team_abbreviation,thirty_to_thirty_nine_yard_field_goal_attempts,thirty_to_thirty_nine_yard_field_goals_made,times_pass_target,times_sacked,total_punt_yards,touchdown_percentage_index,touches,twenty_to_twenty_nine_yard_field_goal_attempts,twenty_to_twenty_nine_yard_field_goals_made,weight,yards_from_scrimmage,yards_lost_to_sacks,yards_per_attempt_index,yards_per_completed_pass,yards_per_game_played,yards_per_kickoff_return,yards_per_punt,yards_per_punt_return,yards_per_touch,yards_recovered_from_fumble,yards_returned_from_interception
2009,,,,,,5,,,1985-11-19,,,,,,,,,,,,,,,,,,,,,,16,16,6-4,,,,,,,,,,,,,,,,,,,Alex Mack,,,,,,,,,,MackAl20,C,,,,,,,,,,,,,,,,,,,,,,0.0,,2009,,CLE,,,,,,,,,,311,,,,,,,,,,,
2010,,,,,,8,,,1985-11-19,,,,,,,,,,,,,,,,,,,,,,16,16,6-4,,,,,,,,,,,,,,,,,,,Alex Mack,,,,,,,,,,MackAl20,C,,,,,,,,,,,,,,,,,,,,,,0.0,,2010,,CLE,,,,,,,,,,311,,,,,,,,,,,
2011,,,,,,6,,,1985-11-19,,,,,,,,,,,,,,,,,0.0,0.0,1.0,0.0,,16,16,6-4,,,,,,,,,,,,,,,,,,,Alex Mack,,,,,,,,,,MackAl20,C,,,,,,,,,,,,,,,,,,,,,,0.0,,2011,,CLE,,,,,,,,,,311,,,,,,,,,,0.0,
2012,,,,,,7,,,1985-11-19,,,,,,,,,,,,,,,,,,,,,,16,16,6-4,,,,,,,,,,,,,,,,,,,Alex Mack,,,,,,,,,,MackAl20,C,,,,,,,,,,,,,,,,,,,,,,0.0,,2012,,CLE,,,,,,,,,,311,,,,,,,,,,,
2013,,,,,,9,,,1985-11-19,,,,,,,,,,,,,,,,,1.0,0.0,1.0,-14.0,,16,16,6-4,,,,,,,,,,,,,,,,,,,Alex Mack,,,,,,,,,,MackAl20,C,,,,,,,,,,,,,,,,,,,,,,0.0,,2013,,CLE,,,,,,,,,,311,,,,,,,,,,-14.0,
2014,,,,,,2,,,1985-11-19,,,,,,,,,,,,,,,,,,,,,,5,5,6-4,,,,,,,,,,,,,,,,,,,Alex Mack,,,,,,,,,,MackAl20,c,,,,,,,,,,,,,,,,,,,,,,0.0,,2014,,CLE,,,,,,,,,,311,,,,,,,,,,,
2015,,,,,,8,,,1985-11-19,,,,,,,,,,,,,,,,,,,,,,16,16,6-4,,,,,,,,,,,,,,,,,,,Alex Mack,,,,,,,,,,MackAl20,C,,,,,,,,,,,,,,,,,,,,,,0.0,,2015,,CLE,,,,,,,,,,311,,,,,,,,,,,
2016,,,,,,16,,,1985-11-19,,,,,,,,,,,,,,,,,1.0,0.0,0.0,-2.0,,16,16,6-4,,,,,,,,,,,,,,,,,,,Alex Mack,,,,,,,,,,MackAl20,C,,,,,,,,,,,,,,,,,,,,,,0.0,,2016,,ATL,,,,,,,,,,311,,,,,,,,,,-2.0,
2017,,,,,,14,,,1985-11-19,,,,,,,,,,,,,,,,,,,,,,16,16,6-4,,,,,,,,,,,,,,,,,,,Alex Mack,,,,,,,,,,MackAl20,C,,,,,,,,,,,,,,,,,,,,,,0.0,,2017,,ATL,,,,,,,,,,311,,,,,,,,,,,
2018,,,,,,11,,,1985-11-19,,,,,,,,,,,,,,,,,2.0,0.0,1.0,-8.0,,16,16,6-4,,,,,,,,,,,,,,,,,,,Alex Mack,,,,,,,,,,MackAl20,C,,,,,,,,,,,,,,,,,,,,,,0.0,,2018,,ATL,,,,,,,,,,311,,,,,,,,,,-8.0,
2019,,,,,,8,,,1985-11-19,,,,,,,,,,,,,,,,,,,,,,16,16,6-4,,,,,,,,,,,,,,,,,,,Alex Mack,,,,,,,,,,MackAl20,C,,,,,,,,,,,,,,,,,,,,,,0.0,,2019,,ATL,,,,,,,,,,311,,,,,,,,,,,
Career,,,,,,94,,,1985-11-19,,,,,,,,,,,,,,,,,4.0,0.0,3.0,-24.0,,165,165,6-4,,,,,,,,,,,,,,,,,,,Alex Mack,,,,,,,,,,MackAl20,,,,,,,,,,,,,,,,,,,,,,,0.0,,Career,,,,,,,,,,,,311,,,,,,,,,,-24.0,
