,adjusted_net_yards_per_attempt_index,adjusted_net_yards_per_pass_attempt,adjusted_yards_per_attempt,adjusted_yards_per_attempt_index,all_purpose_yards,approximate_value,assists_on_tackles,attempted_passes,birth_date,blocked_punts,catch_percentage,completed_passes,completion_percentage_index,espn_qbr,extra_point_percentage,extra_points_attempted,extra_points_made,field_goal_percentage,field_goals_attempted,field_goals_made,fifty_plus_yard_field_goal_attempts,fifty_plus_yard_field_goals_made,fourth_quarter_comebacks,fourty_to_fourty_nine_yard_field_goal_attempts,fourty_to_fourty_nine_yard_field_goals_made,fumbles,fumbles_forced,fumbles_recovered,fumbles_recovered_for_touchdown,game_winning_drives,games,games_started,height,interception_percentage,interception_percentage_index,interceptions,interceptions_returned_for_touchdown,interceptions_thrown,kickoff_return_touchdown,kickoff_return_yards,kickoff_returns,less_than_nineteen_yards_field_goal_attempts,less_than_nineteen_yards_field_goals_made,longest_field_goal_made,longest_interception_return,longest_kickoff_return,longest_pass,longest_punt,longest_punt_return,longest_reception,longest_rush,name,net_yards_per_attempt_index,net_yards_per_pass_attempt,passer_rating_index,passes_defended,passing_completion,passing_touchdown_percentage,passing_touchdowns,passing_yards,passing_yards_per_attempt,player_id,position,punt_return_touchdown,punt_return_yards,punt_returns,punts,qb_record,quarterback_rating,receiving_touchdowns,receiving_yards,receiving_yards_per_game,receiving_yards_per_reception,receptions,receptions_per_game,rush_attempts,rush_attempts_per_game,rush_touchdowns,rush_yards,rush_yards_per_attempt,rush_yards_per_game,rushing_and_receiving_touchdowns,sack_percentage,sack_percentage_index,sacks,safeties,season,tackles,team_abbreviation,thirty_to_thirty_nine_yard_field_goal_attempts,thirty_to_thirty_nine_yard_field_goals_made,times_pass_target,times_sacked,total_punt_yards,touchdown_percentage_index,touches,twenty_to_twenty_nine_yard_field_goal_attempts,twenty_to_twenty_nine_yard_field_goals_made,weight,yards_from_scrimmage,yards_lost_to_sacks,yards_per_attempt_index,yards_per_completed_pass,yards_per_game_played,yards_per_kickoff_return,yards_per_punt,yards_per_punt_return,yards_per_touch,yards_recovered_from_fumble,yards_returned_from_interception
2013,,,,,,0,,,1991-07-30,,73.3,,,,,,,,,,,,,,,0,,,,,16,3,6-8,,,,,,,,,,,,,,,,,12,,Levine Toilolo,,,,,,,,,,ToilLe00,te,,,,,,,2,55,3.4,5.0,11,0.7,,,,,,,2,,,,,2013,,ATL,,,15,,,,11,,,268,55,,,,,,,,5.0,,
2014,,,,,238.0,2,0.0,,1991-07-30,,57.4,,,,,,,,,,,,,,,1,0.0,1.0,0.0,,16,16,6-8,,,,,,0.0,0.0,1.0,,,,,0.0,,,,20,,Levine Toilolo,,,,,,,,,,ToilLe00,TE,,,,,,,2,238,14.9,7.7,31,1.9,,,,,,,2,,,0.0,,2014,1.0,ATL,,,54,,,,31,,,268,238,,,,,0.0,,,7.7,0.0,
2015,,,,,,0,0.0,,1991-07-30,,58.3,,,,,,,,,,,,,,,0,,,,,16,15,6-8,,,,,,,,,,,,,,,,,11,,Levine Toilolo,,,,,,,,,,ToilLe00,TE,,,,,,,0,44,2.8,6.3,7,0.4,,,,,,,0,,,0.0,,2015,2.0,ATL,,,12,,,,7,,,268,44,,,,,,,,6.3,,
2016,,,,,,3,1.0,,1991-07-30,,68.4,,,,,,,,,,,,,,,0,,,,,16,11,6-8,,,,,,,,,,,,,,,,,46,,Levine Toilolo,,,,,,,,,,ToilLe00,TE,,,,,,,2,264,16.5,20.3,13,0.8,,,,,,,2,,,0.0,,2016,2.0,ATL,,,19,,,,13,,,268,264,,,,,,,,20.3,,
2017,,,,,,1,2.0,,1991-07-30,,85.7,,,,,,,,,,,,,,,0,0.0,1.0,0.0,,15,12,6-8,,,,,,,,,,,,,,,,,25,,Levine Toilolo,,,,,,,,,,ToilLe00,TE,,,,,,,1,122,8.1,10.2,12,0.8,,,,,,,1,,,0.0,,2017,2.0,ATL,,,14,,,,12,,,268,122,,,,,,,,10.2,0.0,
2018,,,,,,2,,,1991-07-30,,87.5,,,,,,,,,,,,,,,0,,,,,16,10,6-8,,,,,,,,,,,,,,,,,39,,Levine Toilolo,,,,,,,,,,ToilLe00,TE,,,,,,,1,263,16.4,12.5,21,1.3,,,,,,,1,,,,,2018,,DET,,,24,,,,21,,,268,263,,,,,,,,12.5,,
2019,,,,,,0,,,1991-07-30,,100.0,,,,,,,,,,,,,,,0,,,,,13,0,6-8,,,,,,,,,,,,,,,,,8,,Levine Toilolo,,,,,,,,,,ToilLe00,,,,,,,,0,10,0.8,5.0,2,0.2,,,,,,,0,,,,,2019,,SFO,,,2,,,,2,,,268,10,,,,,,,,5.0,,
Career,,,,,996.0,8,4.0,,1991-07-30,,69.3,,,,,,,,,,,,,,,1,0.0,2.0,0.0,,108,67,6-8,,,,,,0.0,0.0,1.0,,,,,0.0,,,,46,,Levine Toilolo,,,,,,,,,,ToilLe00,,,,,,,,8,996,9.2,10.3,97,0.9,,,,,,,8,,,0.0,,Career,7.0,,,,140,,,,97,,,268,996,,,,,0.0,,,10.3,0.0,
