,adjusted_yards_per_attempt,assists_on_tackles,completed_passes,extra_points_made,field_goals_made,fumbles_forced,fumbles_recovered,fumbles_recovered_for_touchdown,games,height,interceptions,interceptions_returned_for_touchdown,interceptions_thrown,kickoff_return_touchdowns,name,other_touchdowns,pass_attempts,passes_defended,passing_completion,passing_touchdowns,passing_yards,passing_yards_per_attempt,player_id,plays_from_scrimmage,points,position,punt_return_touchdowns,quarterback_rating,receiving_touchdowns,receiving_yards,receiving_yards_per_reception,receptions,rush_attempts,rush_touchdowns,rush_yards,rush_yards_per_attempt,rushing_and_receiving_touchdowns,sacks,safeties,season,solo_tackles,tackles_for_loss,team_abbreviation,total_tackles,total_touchdowns,two_point_conversions,weight,yards_from_scrimmage,yards_from_scrimmage_per_play,yards_recovered_from_fumble,yards_returned_from_interceptions,yards_returned_per_interception,year
2015,,,,,,,,,,6-4,,,,,Miles Boykin,,,,,,,,miles-boykin-1,,0,WR,,,,,,,,,,,,,,2015,,,Notre Dame,,0,,225,,,,,,FR
2016,,0.0,,0.0,0.0,0.0,0.0,,6.0,6-4,0.0,0.0,,0.0,Miles Boykin,,,0.0,,,,,miles-boykin-1,,6,WR,0.0,,,,,,,,,,,0.0,,2016,0.0,0.0,Notre Dame,0.0,1,,225,,,,0.0,,SO
2017,,0.0,,0.0,0.0,0.0,0.0,,7.0,6-4,0.0,0.0,,0.0,Miles Boykin,,,0.0,,,,,miles-boykin-1,,12,WR,0.0,,,,,,,,,,,0.0,,2017,0.0,0.0,Notre Dame,0.0,2,,225,,,,0.0,,JR
2018,,0.0,,0.0,0.0,0.0,0.0,,13.0,6-4,0.0,0.0,,0.0,Miles Boykin,,,0.0,,,,,miles-boykin-1,,48,WR,0.0,,,,,,,,,,,0.0,,2018,2.0,0.0,Notre Dame,2.0,8,,225,,,,0.0,,SR
Career,,0.0,,0.0,0.0,0.0,0.0,,,6-4,0.0,0.0,,0.0,Miles Boykin,,,0.0,,,,,miles-boykin-1,,66,WR,0.0,,,,,,,,,,,0.0,,Career,2.0,0.0,Notre Dame,2.0,11,,225,,,,0.0,,
