,adjusted_yards_per_attempt,assists_on_tackles,completed_passes,extra_points_made,field_goals_made,fumbles_forced,fumbles_recovered,fumbles_recovered_for_touchdown,games,height,interceptions,interceptions_returned_for_touchdown,interceptions_thrown,kickoff_return_touchdowns,name,other_touchdowns,pass_attempts,passes_defended,passing_completion,passing_touchdowns,passing_yards,passing_yards_per_attempt,player_id,plays_from_scrimmage,points,position,punt_return_touchdowns,quarterback_rating,receiving_touchdowns,receiving_yards,receiving_yards_per_reception,receptions,rush_attempts,rush_touchdowns,rush_yards,rush_yards_per_attempt,rushing_and_receiving_touchdowns,sacks,safeties,season,solo_tackles,tackles_for_loss,team_abbreviation,total_tackles,total_touchdowns,two_point_conversions,weight,yards_from_scrimmage,yards_from_scrimmage_per_play,yards_recovered_from_fumble,yards_returned_from_interceptions,yards_returned_per_interception,year
2010,,2,,,,0,1,,4.0,6-2,0.0,0.0,,,Justin Ellis,,,0,,,,,justin-ellis-1,,,OL,,,,,,,,,,,,0.0,,2010,2,0.5,Louisiana Tech,4,,,330,,,,0.0,,FR
2011,,18,,,,0,1,,13.0,6-2,0.0,0.0,,,Justin Ellis,,,1,,,,,justin-ellis-1,,,DL,,,,,,,,,,,,1.0,,2011,11,3.5,Louisiana Tech,29,,,330,,,,0.0,,SO
2012,,12,,,,2,0,0.0,,6-2,,,,,Justin Ellis,,,1,,,,,justin-ellis-1,,,DL,,,,,,,,,,,,0.0,,2012,9,0.0,Louisiana Tech,21,,,330,,,0.0,,,JR
2013,,32,,,,0,0,,12.0,6-2,0.0,0.0,,,Justin Ellis,,,1,,,,,justin-ellis-1,,,DL,,,,,,,,,,,,1.5,,2013,16,5.5,Louisiana Tech,48,,,330,,,,0.0,,SR
Career,,64,,,,2,2,0.0,,6-2,0.0,0.0,,,Justin Ellis,,,3,,,,,justin-ellis-1,,,DL,,,,,,,,,,,,2.5,,Career,38,9.5,Louisiana Tech,102,,,330,,,0.0,0.0,,
