,adjusted_net_yards_per_attempt_index,adjusted_net_yards_per_pass_attempt,adjusted_yards_per_attempt,adjusted_yards_per_attempt_index,all_purpose_yards,approximate_value,assists_on_tackles,attempted_passes,birth_date,blocked_punts,catch_percentage,completed_passes,completion_percentage_index,espn_qbr,extra_point_percentage,extra_points_attempted,extra_points_made,field_goal_percentage,field_goals_attempted,field_goals_made,fifty_plus_yard_field_goal_attempts,fifty_plus_yard_field_goals_made,fourth_quarter_comebacks,fourty_to_fourty_nine_yard_field_goal_attempts,fourty_to_fourty_nine_yard_field_goals_made,fumbles,fumbles_forced,fumbles_recovered,fumbles_recovered_for_touchdown,game_winning_drives,games,games_started,height,interception_percentage,interception_percentage_index,interceptions,interceptions_returned_for_touchdown,interceptions_thrown,kickoff_return_touchdown,kickoff_return_yards,kickoff_returns,less_than_nineteen_yards_field_goal_attempts,less_than_nineteen_yards_field_goals_made,longest_field_goal_made,longest_interception_return,longest_kickoff_return,longest_pass,longest_punt,longest_punt_return,longest_reception,longest_rush,name,net_yards_per_attempt_index,net_yards_per_pass_attempt,passer_rating_index,passes_defended,passing_completion,passing_touchdown_percentage,passing_touchdowns,passing_yards,passing_yards_per_attempt,player_id,position,punt_return_touchdown,punt_return_yards,punt_returns,punts,qb_record,quarterback_rating,receiving_touchdowns,receiving_yards,receiving_yards_per_game,receiving_yards_per_reception,receptions,receptions_per_game,rush_attempts,rush_attempts_per_game,rush_touchdowns,rush_yards,rush_yards_per_attempt,rush_yards_per_game,rushing_and_receiving_touchdowns,sack_percentage,sack_percentage_index,sacks,safeties,season,tackles,team_abbreviation,thirty_to_thirty_nine_yard_field_goal_attempts,thirty_to_thirty_nine_yard_field_goals_made,times_pass_target,times_sacked,total_punt_yards,touchdown_percentage_index,touches,twenty_to_twenty_nine_yard_field_goal_attempts,twenty_to_twenty_nine_yard_field_goals_made,weight,yards_from_scrimmage,yards_lost_to_sacks,yards_per_attempt_index,yards_per_completed_pass,yards_per_game_played,yards_per_kickoff_return,yards_per_punt,yards_per_punt_return,yards_per_touch,yards_recovered_from_fumble,yards_returned_from_interception
2014,,,,,45,0,,,1992-10-10,,50.0,,,,,,,,,,,,,,,0,,,,,8,0,6-2,,,,,,0,22,2,,,,,14,,,,14,,Cody Latimer,,,,,,,,,,LatiCo00,,,,,,,,0,23,2.9,11.5,2,0.3,,,,,,,0,,,,,2014,,DEN,,,4,,,,2,,,215,23,,,,,11.0,,,11.5,,
2015,,,,,87,0,1.0,,1992-10-10,,54.5,,,,,,,,,,,,,,,0,,,,,14,1,6-2,,,,,,0,27,0,,,,,27,,,,15,5.0,Cody Latimer,,,,,,,,,,LatiCo00,wr,,,,,,,1,59,4.2,9.8,6,0.4,2.0,0.1,0.0,1.0,0.5,0.1,1,,,0.0,,2015,3.0,DEN,,,11,,,,8,,,215,60,,,,,,,,7.5,,
2016,,,,,276,1,0.0,,1992-10-10,,53.3,,,,,,,,,,,,,,,0,,,,,12,1,6-2,,,,,,0,200,8,,,,,46,,,,16,,Cody Latimer,,,,,,,,,,LatiCo00,wr,,,,,,,0,76,6.3,9.5,8,0.7,,,,,,,0,,,0.0,,2016,6.0,DEN,,,15,,,,8,,,215,76,,,,,25.0,,,9.5,,
2017,,,,,477,2,0.0,,1992-10-10,,61.3,,,,,,,,,,,,,,,1,0.0,1.0,0.0,,11,1,6-2,,,,,,0,190,8,,,,,36,,,,32,,Cody Latimer,,,,,,,,,,LatiCo00,wr,,,,,,,2,287,26.1,15.1,19,1.7,,,,,,,2,,,0.0,,2017,5.0,DEN,,,31,,,,19,,,215,287,,,,,23.8,,,15.1,0.0,
2018,,,,,313,1,,,1992-10-10,,68.8,,,,,,,,,,,,,,,0,,,,,6,2,6-2,,,,,,0,123,5,,,,,34,,,,39,,Cody Latimer,,,,,,,,,,LatiCo00,wr,,,,,,,1,190,31.7,17.3,11,1.8,,,,,,,1,,,,,2018,,NYG,,,16,,,,11,,,215,190,,,,,24.6,,,17.3,,
2019,,,,,870,2,,,1992-10-10,,57.1,,,,,,,,,,,,,,,0,,,,,15,10,6-2,,,,,,0,570,24,,,,,50,,,,43,,Cody Latimer,,,,,,,,,,LatiCo00,WR,,,,,,,2,300,20.0,12.5,24,1.6,,,,,,,2,,,,,2019,,NYG,,,42,,,,24,,,215,300,,,,,23.8,,,12.5,,
Career,,,,,2068,6,2.0,,1992-10-10,,58.8,,,,,,,,,,,,,,,1,0.0,1.0,0.0,,66,15,6-2,,,,,,0,1132,47,,,,,50,,,,43,5.0,Cody Latimer,,,,,,,,,,LatiCo00,,,,,,,,6,935,14.2,13.4,70,1.1,2.0,0.0,0.0,1.0,0.5,0.0,6,,,0.0,,Career,14.0,,,,119,,,,72,,,215,936,,,,,24.1,,,13.0,0.0,
