,adjusted_net_yards_per_attempt_index,adjusted_net_yards_per_pass_attempt,adjusted_yards_per_attempt,adjusted_yards_per_attempt_index,all_purpose_yards,approximate_value,assists_on_tackles,attempted_passes,birth_date,blocked_punts,catch_percentage,completed_passes,completion_percentage_index,espn_qbr,extra_point_percentage,extra_points_attempted,extra_points_made,field_goal_percentage,field_goals_attempted,field_goals_made,fifty_plus_yard_field_goal_attempts,fifty_plus_yard_field_goals_made,fourth_quarter_comebacks,fourty_to_fourty_nine_yard_field_goal_attempts,fourty_to_fourty_nine_yard_field_goals_made,fumbles,fumbles_forced,fumbles_recovered,fumbles_recovered_for_touchdown,game_winning_drives,games,games_started,height,interception_percentage,interception_percentage_index,interceptions,interceptions_returned_for_touchdown,interceptions_thrown,kickoff_return_touchdown,kickoff_return_yards,kickoff_returns,less_than_nineteen_yards_field_goal_attempts,less_than_nineteen_yards_field_goals_made,longest_field_goal_made,longest_interception_return,longest_kickoff_return,longest_pass,longest_punt,longest_punt_return,longest_reception,longest_rush,name,net_yards_per_attempt_index,net_yards_per_pass_attempt,passer_rating_index,passes_defended,passing_completion,passing_touchdown_percentage,passing_touchdowns,passing_yards,passing_yards_per_attempt,player_id,position,punt_return_touchdown,punt_return_yards,punt_returns,punts,qb_record,quarterback_rating,receiving_touchdowns,receiving_yards,receiving_yards_per_game,receiving_yards_per_reception,receptions,receptions_per_game,rush_attempts,rush_attempts_per_game,rush_touchdowns,rush_yards,rush_yards_per_attempt,rush_yards_per_game,rushing_and_receiving_touchdowns,sack_percentage,sack_percentage_index,sacks,safeties,season,tackles,team_abbreviation,thirty_to_thirty_nine_yard_field_goal_attempts,thirty_to_thirty_nine_yard_field_goals_made,times_pass_target,times_sacked,total_punt_yards,touchdown_percentage_index,touches,twenty_to_twenty_nine_yard_field_goal_attempts,twenty_to_twenty_nine_yard_field_goals_made,weight,yards_from_scrimmage,yards_lost_to_sacks,yards_per_attempt_index,yards_per_completed_pass,yards_per_game_played,yards_per_kickoff_return,yards_per_punt,yards_per_punt_return,yards_per_touch,yards_recovered_from_fumble,yards_returned_from_interception
2017,,0.0,0.0,,,9,,1.0,1993-06-15,,66.0,0.0,,2.1,,,,,,,,,,,,1,,,,,15,6,6-2,0.0,,,,0.0,,,,,,,,,0.0,,,64,,Cooper Kupp,,0.0,,,0.0,0.0,0.0,0.0,0.0,KuppCo00,wr,,,,,,39.6,5,869,57.9,14.0,62,4.1,,,,,,,5,,,,,2017,,LAR,,,94,0.0,,,62,,,208,869,0.0,,,0.0,,,,14.0,,
2019,,0.0,0.0,,,9,,1.0,1993-06-15,,70.1,0.0,,0.0,,,,,,,,,,,,3,,,,,16,14,6-2,0.0,,,,0.0,,,,,,,,,0.0,,,66,6.0,Cooper Kupp,,0.0,,,0.0,0.0,0.0,0.0,0.0,KuppCo00,WR,,,,,,39.6,10,1161,72.6,12.4,94,5.9,2.0,0.1,0.0,4.0,2.0,0.3,10,,,,,2019,,LAR,,,134,0.0,,,96,,,208,1165,0.0,,,0.0,,,,12.1,,
Career,,0.0,0.0,,2629.0,24,,2.0,1993-06-15,,69.3,0.0,,,,,,,,,,,,,,4,,,,,39,28,6-2,0.0,,,,0.0,,,,,,,,,0.0,,4.0,70,12.0,Cooper Kupp,,0.0,,,0.0,0.0,0.0,0.0,0.0,KuppCo00,,0.0,4.0,1.0,,,39.6,21,2596,66.6,13.2,196,5.0,6.0,0.2,0.0,29.0,4.8,0.7,21,,,,,Career,,,,,283,0.0,,,202,,,208,2625,0.0,,,0.0,,,4.0,13.0,,
2018,,,,,595.0,6,,,1993-06-15,,72.7,,,,,,,,,,,,,,,0,,,,,8,8,6-2,,,,,,,,,,,,,,,,4.0,70,12.0,Cooper Kupp,,,,,,,,,,KuppCo00,WR,0.0,4.0,1.0,,,,6,566,70.8,14.2,40,5.0,4.0,0.5,0.0,25.0,6.3,3.1,6,,,,,2018,,LAR,,,55,,,,44,,,208,591,,,,,,,4.0,13.4,,
