,adjusted_net_yards_per_attempt_index,adjusted_net_yards_per_pass_attempt,adjusted_yards_per_attempt,adjusted_yards_per_attempt_index,all_purpose_yards,approximate_value,assists_on_tackles,attempted_passes,birth_date,blocked_punts,catch_percentage,completed_passes,completion_percentage_index,espn_qbr,extra_point_percentage,extra_points_attempted,extra_points_made,field_goal_percentage,field_goals_attempted,field_goals_made,fifty_plus_yard_field_goal_attempts,fifty_plus_yard_field_goals_made,fourth_quarter_comebacks,fourty_to_fourty_nine_yard_field_goal_attempts,fourty_to_fourty_nine_yard_field_goals_made,fumbles,fumbles_forced,fumbles_recovered,fumbles_recovered_for_touchdown,game_winning_drives,games,games_started,height,interception_percentage,interception_percentage_index,interceptions,interceptions_returned_for_touchdown,interceptions_thrown,kickoff_return_touchdown,kickoff_return_yards,kickoff_returns,less_than_nineteen_yards_field_goal_attempts,less_than_nineteen_yards_field_goals_made,longest_field_goal_made,longest_interception_return,longest_kickoff_return,longest_pass,longest_punt,longest_punt_return,longest_reception,longest_rush,name,net_yards_per_attempt_index,net_yards_per_pass_attempt,passer_rating_index,passes_defended,passing_completion,passing_touchdown_percentage,passing_touchdowns,passing_yards,passing_yards_per_attempt,player_id,position,punt_return_touchdown,punt_return_yards,punt_returns,punts,qb_record,quarterback_rating,receiving_touchdowns,receiving_yards,receiving_yards_per_game,receiving_yards_per_reception,receptions,receptions_per_game,rush_attempts,rush_attempts_per_game,rush_touchdowns,rush_yards,rush_yards_per_attempt,rush_yards_per_game,rushing_and_receiving_touchdowns,sack_percentage,sack_percentage_index,sacks,safeties,season,tackles,team_abbreviation,thirty_to_thirty_nine_yard_field_goal_attempts,thirty_to_thirty_nine_yard_field_goals_made,times_pass_target,times_sacked,total_punt_yards,touchdown_percentage_index,touches,twenty_to_twenty_nine_yard_field_goal_attempts,twenty_to_twenty_nine_yard_field_goals_made,weight,yards_from_scrimmage,yards_lost_to_sacks,yards_per_attempt_index,yards_per_completed_pass,yards_per_game_played,yards_per_kickoff_return,yards_per_punt,yards_per_punt_return,yards_per_touch,yards_recovered_from_fumble,yards_returned_from_interception
2013,,,,,469.0,4,,,1990-11-10,,63.2,,,,,,,,,,,,,,,0,,,,,16,3,6-5,,,,,,0.0,0.0,1.0,,,,,0.0,,,,38,,Zach Ertz,,,,,,,,,,ErtzZa00,te,,,,,,,4,469,29.3,13.0,36,2.3,,,,,,,4,,,,,2013,,PHI,,,57,,,,36,,,250,469,,,,,0.0,,,13.0,,
2014,,,,,,5,,,1990-11-10,,65.2,,,,,,,,,,,,,,,1,0.0,1.0,9.0,,16,5,6-5,,,,,,,,,,,,,,,,,35,,Zach Ertz,,,,,,,,,,ErtzZa00,te,,,,,,,3,702,43.9,12.1,58,3.6,,,,,,,3,,,0.0,,2014,,PHI,,,89,,,,58,,,250,702,,,,,,,,12.1,9.0,
2015,,,,,862.0,6,,,1990-11-10,,67.0,,,,,,,,,,,,,,,1,1.0,0.0,0.0,,15,7,6-5,,,,,,0.0,9.0,1.0,,,,,9.0,,,,60,,Zach Ertz,,,,,,,,,,ErtzZa00,te,,,,,,,2,853,56.9,11.4,75,5.0,,,,,,,2,,,0.0,,2015,,PHI,,,112,,,,75,,,250,853,,,,,9.0,,,11.4,0.0,
2016,,,,,824.0,7,,,1990-11-10,,73.6,,,,,,,,,,,,,,,0,,,,,14,12,6-5,,,,,,0.0,8.0,1.0,,,,,8.0,,,,30,,Zach Ertz,,,,,,,,,,ErtzZa00,TE,,,,,,,4,816,58.3,10.5,78,5.6,,,,,,,4,,,,,2016,,PHI,,,106,,,,78,,,250,816,,,,,8.0,,,10.5,,
2017,,,,,,8,,,1990-11-10,,67.3,,,,,,,,,,,,,,,1,0.0,0.0,0.0,,14,13,6-5,,,,,,,,,,,,,,,,,53,,Zach Ertz,,,,,,,,,,ErtzZa00,TE,,,,,,,8,824,58.9,11.1,74,5.3,,,,,,,8,,,0.0,,2017,,PHI,,,110,,,,74,,,250,824,,,,,,,,11.1,0.0,
2018,,,,,,9,,,1990-11-10,,74.4,,,,,,,,,,,,,,,1,0.0,0.0,0.0,,16,16,6-5,,,,,,,,,,,,,,,,,34,,Zach Ertz,,,,,,,,,,ErtzZa00,TE,,,,,,,8,1163,72.7,10.0,116,7.3,,,,,,,8,,,0.0,,2018,,PHI,,,156,,,,116,,,250,1163,,,,,,,,10.0,0.0,
2019,,,,,,7,,,1990-11-10,,65.2,,,,,,,,,,,,,,,1,0.0,0.0,0.0,,15,15,6-5,,,,,,,,,,,,,,,,,30,,Zach Ertz,,,,,,,,,,ErtzZa00,TE,,,,,,,6,916,61.1,10.4,88,5.9,,,,,,,6,,,0.0,,2019,,PHI,,,135,,,,88,,,250,916,,,,,,,,10.4,0.0,
Career,,,,,5769.0,46,,,1990-11-10,,68.6,,,,,,,,,,,,,,,5,1.0,1.0,9.0,,106,71,6-5,,,,,,0.0,17.0,3.0,,,,,9.0,,,,60,,Zach Ertz,,,,,,,,,,ErtzZa00,,,,,,,,35,5743,54.2,10.9,525,5.0,,,,,,,35,,,0.0,,Career,,,,,765,,,,525,,,250,5743,,,,,5.7,,,10.9,9.0,
