,adjusted_net_yards_per_attempt_index,adjusted_net_yards_per_pass_attempt,adjusted_yards_per_attempt,adjusted_yards_per_attempt_index,all_purpose_yards,approximate_value,assists_on_tackles,attempted_passes,birth_date,blocked_punts,catch_percentage,completed_passes,completion_percentage_index,espn_qbr,extra_point_percentage,extra_points_attempted,extra_points_made,field_goal_percentage,field_goals_attempted,field_goals_made,fifty_plus_yard_field_goal_attempts,fifty_plus_yard_field_goals_made,fourth_quarter_comebacks,fourty_to_fourty_nine_yard_field_goal_attempts,fourty_to_fourty_nine_yard_field_goals_made,fumbles,fumbles_forced,fumbles_recovered,fumbles_recovered_for_touchdown,game_winning_drives,games,games_started,height,interception_percentage,interception_percentage_index,interceptions,interceptions_returned_for_touchdown,interceptions_thrown,kickoff_return_touchdown,kickoff_return_yards,kickoff_returns,less_than_nineteen_yards_field_goal_attempts,less_than_nineteen_yards_field_goals_made,longest_field_goal_made,longest_interception_return,longest_kickoff_return,longest_pass,longest_punt,longest_punt_return,longest_reception,longest_rush,name,net_yards_per_attempt_index,net_yards_per_pass_attempt,passer_rating_index,passes_defended,passing_completion,passing_touchdown_percentage,passing_touchdowns,passing_yards,passing_yards_per_attempt,player_id,position,punt_return_touchdown,punt_return_yards,punt_returns,punts,qb_record,quarterback_rating,receiving_touchdowns,receiving_yards,receiving_yards_per_game,receiving_yards_per_reception,receptions,receptions_per_game,rush_attempts,rush_attempts_per_game,rush_touchdowns,rush_yards,rush_yards_per_attempt,rush_yards_per_game,rushing_and_receiving_touchdowns,sack_percentage,sack_percentage_index,sacks,safeties,season,tackles,team_abbreviation,thirty_to_thirty_nine_yard_field_goal_attempts,thirty_to_thirty_nine_yard_field_goals_made,times_pass_target,times_sacked,total_punt_yards,touchdown_percentage_index,touches,twenty_to_twenty_nine_yard_field_goal_attempts,twenty_to_twenty_nine_yard_field_goals_made,weight,yards_from_scrimmage,yards_lost_to_sacks,yards_per_attempt_index,yards_per_completed_pass,yards_per_game_played,yards_per_kickoff_return,yards_per_punt,yards_per_punt_return,yards_per_touch,yards_recovered_from_fumble,yards_returned_from_interception
2014,,,,,,,,0,1990-09-13,,,0,,,,,,,,,,,0.0,,,,,,,0.0,0,,6-3,,,,,0,,,,,,,,,0,,,,,A.J. McCarron,,,,,,,0,0,,McCaA.00,,,,,,,,,,,,,,,,,,,,,,,,,2014,,CIN,,,,0,,,,,,215,,0,,,,,,,,,
2015,101.0,6.27,7.4,106.0,,3.0,,119,1990-09-13,,,79,114.0,,,,,,,,,,,,,1.0,0.0,0.0,-10.0,,7,3.0,6-3,1.7,113.0,,,2,,,,,,,,,66,,,,16.0,A.J. McCarron,92.0,6.04,111.0,,66.4,5.0,6,854,7.2,McCaA.00,qb,,,,,2-1-0,97.1,,,,,,,14.0,2.0,0.0,31.0,2.2,4.4,0.0,,75.0,0.0,,2015,,CIN,,,,12,,107.0,14.0,,,215,31.0,63,99.0,10.8,122.0,,,,2.2,-10.0,
2016,,,,,,0.0,,0,1990-09-13,,,0,,,,,,,,,,,,,,,,,,,1,0.0,6-3,,,,,0,,,,,,,,,0,,,,,A.J. McCarron,,,,,,,0,0,,McCaA.00,,,,,,,,,,,,,,,,,,,,,,,,,2016,,CIN,,,,0,,,,,,215,,0,,,0.0,,,,,,
2017,,3.8,4.7,,,0.0,,14,1990-09-13,,,7,,,,,,,,,,,,,,,,,,,3,0.0,6-3,0.0,,,,0,,,,,,,,,27,,,,,A.J. McCarron,,3.8,,,50.0,0.0,0,66,4.7,McCaA.00,,,,,,,63.4,,,,,,,,,,,,,,,,,,2017,,CIN,,,,1,,,,,,215,,9,,9.4,22.0,,,,,,
2018,,0.25,2.7,,,0.0,,3,1990-09-13,,,1,,,,,,,,,,,,,,1.0,0.0,1.0,0.0,,2,0.0,6-3,0.0,,,,0,,,,,,,,,8,,,,0.0,A.J. McCarron,,0.25,,,33.3,0.0,0,8,2.7,McCaA.00,,,,,,,42.4,,,,,,,3.0,1.5,0.0,-2.0,-0.7,-1.0,0.0,,,0.0,,2018,,OAK,,,,1,,,3.0,,,215,-2.0,7,,8.0,4.0,,,,-0.7,0.0,
2019,,3.26,4.9,,,1.0,,37,1990-09-13,,,21,,28.1,,,,,,,,,,,,0.0,,,,,2,1.0,6-3,2.7,,,,1,,,,,,,,,21,,,,18.0,A.J. McCarron,,4.33,,,56.8,0.0,0,225,6.1,McCaA.00,qb,,,,,0-1-0,63.5,,,,,,,5.0,2.5,1.0,39.0,7.8,19.5,1.0,,,,,2019,,HOU,,,,5,,,5.0,,,215,39.0,43,,10.7,112.5,,,,7.8,,
Career,,5.29,6.6,,,4.0,,173,1990-09-13,,,108,,,,,,,,,,,0.0,,,2.0,0.0,1.0,-10.0,0.0,15,4.0,6-3,1.7,,,,3,,,,,,,,,66,,,,18.0,A.J. McCarron,,5.37,,,62.4,3.5,6,1153,6.7,McCaA.00,,,,,,2-2-0,86.2,,,,,,,22.0,1.5,1.0,68.0,3.1,4.5,1.0,,,0.0,,Career,,,,,,19,,,22.0,,,215,68.0,122,,10.7,76.9,,,,3.1,-10.0,
