,adjusted_yards_per_attempt,assists_on_tackles,completed_passes,extra_points_made,field_goals_made,fumbles_forced,fumbles_recovered,fumbles_recovered_for_touchdown,games,height,interceptions,interceptions_returned_for_touchdown,interceptions_thrown,kickoff_return_touchdowns,name,other_touchdowns,pass_attempts,passes_defended,passing_completion,passing_touchdowns,passing_yards,passing_yards_per_attempt,player_id,plays_from_scrimmage,points,position,punt_return_touchdowns,quarterback_rating,receiving_touchdowns,receiving_yards,receiving_yards_per_reception,receptions,rush_attempts,rush_touchdowns,rush_yards,rush_yards_per_attempt,rushing_and_receiving_touchdowns,sacks,safeties,season,solo_tackles,tackles_for_loss,team_abbreviation,total_tackles,total_touchdowns,two_point_conversions,weight,yards_from_scrimmage,yards_from_scrimmage_per_play,yards_recovered_from_fumble,yards_returned_from_interceptions,yards_returned_per_interception,year
2012,,1,,,,,,,12.0,6-1,,,,1,Tevin Coleman,,,,,,,,tevin-coleman-1,61,12,RB,,,0,49,4.9,10,51,1,225,4.4,1,0.0,,2012,2,0.0,Indiana,3,2,,210,274,4.5,,,,FR
2013,,0,,0.0,0.0,0.0,0.0,,9.0,6-1,0.0,0.0,,0,Tevin Coleman,,,0.0,,,,,tevin-coleman-1,150,72,RB,0.0,,0,193,10.2,19,131,12,958,7.3,12,0.0,,2013,1,0.0,Indiana,1,12,,210,1151,7.7,,0.0,,SO
2014,,0,,0.0,0.0,0.0,0.0,,12.0,6-1,0.0,0.0,,0,Tevin Coleman,,,0.0,,,,,tevin-coleman-1,295,90,RB,0.0,,0,141,5.6,25,270,15,2036,7.5,15,0.0,,2014,1,0.0,Indiana,1,15,,210,2177,7.4,,0.0,,JR
Career,,1,,0.0,0.0,0.0,0.0,,,6-1,0.0,0.0,,1,Tevin Coleman,,,0.0,,,,,tevin-coleman-1,506,174,RB,0.0,,0,383,7.1,54,452,28,3219,7.1,28,0.0,,Career,4,0.0,Indiana,5,29,,210,3602,7.1,,0.0,,
