,adjusted_yards_per_attempt,assists_on_tackles,completed_passes,extra_points_made,field_goals_made,fumbles_forced,fumbles_recovered,fumbles_recovered_for_touchdown,games,height,interceptions,interceptions_returned_for_touchdown,interceptions_thrown,kickoff_return_touchdowns,name,other_touchdowns,pass_attempts,passes_defended,passing_completion,passing_touchdowns,passing_yards,passing_yards_per_attempt,player_id,plays_from_scrimmage,points,position,punt_return_touchdowns,quarterback_rating,receiving_touchdowns,receiving_yards,receiving_yards_per_reception,receptions,rush_attempts,rush_touchdowns,rush_yards,rush_yards_per_attempt,rushing_and_receiving_touchdowns,sacks,safeties,season,solo_tackles,tackles_for_loss,team_abbreviation,total_tackles,total_touchdowns,two_point_conversions,weight,yards_from_scrimmage,yards_from_scrimmage_per_play,yards_recovered_from_fumble,yards_returned_from_interceptions,yards_returned_per_interception,year
2007,,2,,,,1.0,0.0,0.0,5.0,,0,0,,,Josh Bynes,,,0.0,,,,,josh-bynes-1,,,LB,,,,,,,,,,,,0.0,,2007,8,2.0,Auburn,10,,,,,,0.0,0,,FR
2008,,29,,,,,,,12.0,,3,0,,,Josh Bynes,,,,,,,,josh-bynes-1,,,LB,,,,,,,,,,,,0.0,,2008,24,3.0,Auburn,53,,,,,,,33,11.0,SO
2009,,42,,,,,,,13.0,,1,0,,,Josh Bynes,,,,,,,,josh-bynes-1,,,LB,,,,,,,,,,,,1.0,,2009,62,6.0,Auburn,104,,,,,,,5,5.0,JR
2010,,37,,,,,,,14.0,,3,0,,,Josh Bynes,,,,,,,,josh-bynes-1,,,LB,,,,,,,,,,,,1.0,,2010,36,5.5,Auburn,73,,,,,,,33,11.0,SR
Career,,110,,,,1.0,0.0,0.0,,,7,0,,,Josh Bynes,,,0.0,,,,,josh-bynes-1,,,LB,,,,,,,,,,,,2.0,,Career,130,16.5,Auburn,240,,,,,,0.0,71,10.1,
