,adjusted_net_yards_per_attempt_index,adjusted_net_yards_per_pass_attempt,adjusted_yards_per_attempt,adjusted_yards_per_attempt_index,all_purpose_yards,approximate_value,assists_on_tackles,attempted_passes,birth_date,blocked_punts,catch_percentage,completed_passes,completion_percentage_index,espn_qbr,extra_point_percentage,extra_points_attempted,extra_points_made,field_goal_percentage,field_goals_attempted,field_goals_made,fifty_plus_yard_field_goal_attempts,fifty_plus_yard_field_goals_made,fourth_quarter_comebacks,fourty_to_fourty_nine_yard_field_goal_attempts,fourty_to_fourty_nine_yard_field_goals_made,fumbles,fumbles_forced,fumbles_recovered,fumbles_recovered_for_touchdown,game_winning_drives,games,games_started,height,interception_percentage,interception_percentage_index,interceptions,interceptions_returned_for_touchdown,interceptions_thrown,kickoff_return_touchdown,kickoff_return_yards,kickoff_returns,less_than_nineteen_yards_field_goal_attempts,less_than_nineteen_yards_field_goals_made,longest_field_goal_made,longest_interception_return,longest_kickoff_return,longest_pass,longest_punt,longest_punt_return,longest_reception,longest_rush,name,net_yards_per_attempt_index,net_yards_per_pass_attempt,passer_rating_index,passes_defended,passing_completion,passing_touchdown_percentage,passing_touchdowns,passing_yards,passing_yards_per_attempt,player_id,position,punt_return_touchdown,punt_return_yards,punt_returns,punts,qb_record,quarterback_rating,receiving_touchdowns,receiving_yards,receiving_yards_per_game,receiving_yards_per_reception,receptions,receptions_per_game,rush_attempts,rush_attempts_per_game,rush_touchdowns,rush_yards,rush_yards_per_attempt,rush_yards_per_game,rushing_and_receiving_touchdowns,sack_percentage,sack_percentage_index,sacks,safeties,season,tackles,team_abbreviation,thirty_to_thirty_nine_yard_field_goal_attempts,thirty_to_thirty_nine_yard_field_goals_made,times_pass_target,times_sacked,total_punt_yards,touchdown_percentage_index,touches,twenty_to_twenty_nine_yard_field_goal_attempts,twenty_to_twenty_nine_yard_field_goals_made,weight,yards_from_scrimmage,yards_lost_to_sacks,yards_per_attempt_index,yards_per_completed_pass,yards_per_game_played,yards_per_kickoff_return,yards_per_punt,yards_per_punt_return,yards_per_touch,yards_recovered_from_fumble,yards_returned_from_interception
2014,,,,,,,,,1991-02-22,,0.0,,,,,,,,,,,,,,,0,,,,,0,,6-2,,,,,,,,,,,,,,,,,0,,Seth Roberts,,,,,,,,,,RobeSe00,,,,,,,,0,0,,,0,,,,,,,,0,,,,,2014,,OAK,,,,,,,0,,,195,0,,,,,,,,,,
2015,,,,,527.0,4.0,,,1991-02-22,,58.2,,,,,,,,,,,,,,,0,,,,,16,5.0,6-2,,,,,,0.0,47.0,2.0,,,,,24.0,,,,43,,Seth Roberts,,,,,,,,,,RobeSe00,fb/wr,,,,,,,5,480,30.0,15.0,32,2.0,,,,,,,5,,,,,2015,,OAK,,,55.0,,,,32,,,195,480,,,,,23.5,,,15.0,,
2016,,,,,,3.0,,,1991-02-22,,49.4,,,,,,,,,,,,,,,0,,,,,16,6.0,6-2,,,,,,,,,,,,,,,,,41,,Seth Roberts,,,,,,,,,,RobeSe00,wr,,,,,,,5,397,24.8,10.4,38,2.4,,,,,,,5,,,,,2016,,OAK,,,77.0,,,,38,,,195,397,,,,,,,,10.4,,
2017,,,,,,4.0,,,1991-02-22,,66.2,,,,,,,,,,,,,,,2,,,,,15,7.0,6-2,,,,,,,,,,,,,,,,,29,,Seth Roberts,,,,,,,,,,RobeSe00,wr,,,,,,,1,455,30.3,10.6,43,2.9,,,,,,,1,,,,,2017,,OAK,,,65.0,,,,43,,,195,455,,,,,,,,10.6,,
2018,,,,,,4.0,,,1991-02-22,,70.3,,,,,,,,,,,,,,,0,,,,,15,7.0,6-2,,,,,,,,,,,,,,,,,44,11.0,Seth Roberts,,,,,,,,,,RobeSe00,wr,,,,,,,2,494,32.9,11.0,45,3.0,3.0,0.2,0.0,5.0,1.7,0.3,2,,,,,2018,,OAK,,,64.0,,,,48,,,195,499,,,,,,,,10.4,,
2019,,,,,,4.0,,,1991-02-22,,60.0,,,,,,,,,,,,,,,0,,,,,16,0.0,6-2,,,,,,,,,,,,,,,,,33,,Seth Roberts,,,,,,,,,,RobeSe00,,,,,,,,2,271,16.9,12.9,21,1.3,,,,,,,2,,,,,2019,,BAL,,,35.0,,,,21,,,195,271,,,,,,,,12.9,,
Career,,,,,2137.0,19.0,,,1991-02-22,,60.5,,,,,,,,,,,,,,,2,,,,,78,25.0,6-2,,,,,,0.0,47.0,2.0,,,,,24.0,,,,44,11.0,Seth Roberts,,,,,,,,,,RobeSe00,,,,,,,,15,2097,26.9,11.7,179,2.3,3.0,0.0,0.0,5.0,1.7,0.1,15,,,,,Career,,,,,296.0,,,,182,,,195,2102,,,,,23.5,,,11.5,,
