,adjusted_net_yards_per_attempt_index,adjusted_net_yards_per_pass_attempt,adjusted_yards_per_attempt,adjusted_yards_per_attempt_index,all_purpose_yards,approximate_value,assists_on_tackles,attempted_passes,birth_date,blocked_punts,catch_percentage,completed_passes,completion_percentage_index,espn_qbr,extra_point_percentage,extra_points_attempted,extra_points_made,field_goal_percentage,field_goals_attempted,field_goals_made,fifty_plus_yard_field_goal_attempts,fifty_plus_yard_field_goals_made,fourth_quarter_comebacks,fourty_to_fourty_nine_yard_field_goal_attempts,fourty_to_fourty_nine_yard_field_goals_made,fumbles,fumbles_forced,fumbles_recovered,fumbles_recovered_for_touchdown,game_winning_drives,games,games_started,height,interception_percentage,interception_percentage_index,interceptions,interceptions_returned_for_touchdown,interceptions_thrown,kickoff_return_touchdown,kickoff_return_yards,kickoff_returns,less_than_nineteen_yards_field_goal_attempts,less_than_nineteen_yards_field_goals_made,longest_field_goal_made,longest_interception_return,longest_kickoff_return,longest_pass,longest_punt,longest_punt_return,longest_reception,longest_rush,name,net_yards_per_attempt_index,net_yards_per_pass_attempt,passer_rating_index,passes_defended,passing_completion,passing_touchdown_percentage,passing_touchdowns,passing_yards,passing_yards_per_attempt,player_id,position,punt_return_touchdown,punt_return_yards,punt_returns,punts,qb_record,quarterback_rating,receiving_touchdowns,receiving_yards,receiving_yards_per_game,receiving_yards_per_reception,receptions,receptions_per_game,rush_attempts,rush_attempts_per_game,rush_touchdowns,rush_yards,rush_yards_per_attempt,rush_yards_per_game,rushing_and_receiving_touchdowns,sack_percentage,sack_percentage_index,sacks,safeties,season,tackles,team_abbreviation,thirty_to_thirty_nine_yard_field_goal_attempts,thirty_to_thirty_nine_yard_field_goals_made,times_pass_target,times_sacked,total_punt_yards,touchdown_percentage_index,touches,twenty_to_twenty_nine_yard_field_goal_attempts,twenty_to_twenty_nine_yard_field_goals_made,weight,yards_from_scrimmage,yards_lost_to_sacks,yards_per_attempt_index,yards_per_completed_pass,yards_per_game_played,yards_per_kickoff_return,yards_per_punt,yards_per_punt_return,yards_per_touch,yards_recovered_from_fumble,yards_returned_from_interception
2014,,,,,,0,,,1991-07-03,,100.0,,,,,,,,,,,,,,,0,,,,,5,1,6-5,,,,,,,,,,,,,,,,,17,,Cameron Brate,,,,,,,,,,BratCa00,te,,,,,,,0,17,3.4,17.0,1,0.2,,,,,,,0,,,,,2014,,TAM,,,1,,,,1,,,245,17,,,,,,,,17.0,,
2015,,,,,,2,,,1991-07-03,,76.7,,,,,,,,,,,,,,,0,,,,,14,4,6-5,,,,,,,,,,,,,,,,,46,,Cameron Brate,,,,,,,,,,BratCa00,te,,,,,,,3,288,20.6,12.5,23,1.6,,,,,,,3,,,,,2015,,TAM,,,30,,,,23,,,245,288,,,,,,,,12.5,,
2016,,,,,,5,1.0,,1991-07-03,,70.4,,,,,,,,,,,,,,,1,0.0,0.0,0.0,,15,10,6-5,,,,,,,,,,,,,,,,,38,,Cameron Brate,,,,,,,,,,BratCa00,TE,,,,,,,8,660,44.0,11.6,57,3.8,,,,,,,8,,,0.0,,2016,1.0,TAM,,,81,,,,57,,,245,660,,,,,,,,11.6,0.0,
2017,,,,,,4,,,1991-07-03,,62.3,,,,,,,,,,,,,,,1,0.0,0.0,-1.0,,16,6,6-5,,,,,,,,,,,,,,,,,35,,Cameron Brate,,,,,,,,,,BratCa00,te,,,,,,,6,591,36.9,12.3,48,3.0,,,,,,,6,,,0.0,,2017,,TAM,,,77,,,,48,,,245,591,,,,,,,,12.3,-1.0,
2018,,,,,,2,,,1991-07-03,,61.2,,,,,,,,,,,,,,,1,0.0,1.0,0.0,,16,2,6-5,,,,,,,,,,,,,,,,,21,,Cameron Brate,,,,,,,,,,BratCa00,te,,,,,,,6,289,18.1,9.6,30,1.9,,,,,,,6,,,0.0,,2018,,TAM,,,49,,,,30,,,245,289,,,,,,,,9.6,0.0,
2019,,,,,,2,,,1991-07-03,,65.5,,,,,,,,,,,,,,,0,,,,,16,6,6-5,,,,,,,,,,,,,,,,,37,,Cameron Brate,,,,,,,,,,BratCa00,te,,,,,,,4,311,19.4,8.6,36,2.3,,,,,,,4,,,,,2019,,TAM,,,55,,,,36,,,245,311,,,,,,,,8.6,,
Career,,,,,,15,1.0,,1991-07-03,,66.6,,,,,,,,,,,,,,,3,0.0,1.0,-1.0,,82,29,6-5,,,,,,,,,,,,,,,,,46,,Cameron Brate,,,,,,,,,,BratCa00,,,,,,,,27,2156,26.3,11.1,195,2.4,,,,,,,27,,,0.0,,Career,1.0,,,,293,,,,195,,,245,2156,,,,,,,,11.1,-1.0,
