,adjusted_yards_per_attempt,assists_on_tackles,completed_passes,extra_points_made,field_goals_made,fumbles_forced,fumbles_recovered,fumbles_recovered_for_touchdown,games,height,interceptions,interceptions_returned_for_touchdown,interceptions_thrown,kickoff_return_touchdowns,name,other_touchdowns,pass_attempts,passes_defended,passing_completion,passing_touchdowns,passing_yards,passing_yards_per_attempt,player_id,plays_from_scrimmage,points,position,punt_return_touchdowns,quarterback_rating,receiving_touchdowns,receiving_yards,receiving_yards_per_reception,receptions,rush_attempts,rush_touchdowns,rush_yards,rush_yards_per_attempt,rushing_and_receiving_touchdowns,sacks,safeties,season,solo_tackles,tackles_for_loss,team_abbreviation,total_tackles,total_touchdowns,two_point_conversions,weight,yards_from_scrimmage,yards_from_scrimmage_per_play,yards_recovered_from_fumble,yards_returned_from_interceptions,yards_returned_per_interception,year
2013,,15,,,,1,0,,11.0,6-3,1,0,,,Tyus Bowser,,,2,,,,,tyus-bowser-1,,,DE,,,,,,,,,,,,5.0,,2013,11,5.5,Houston,26,,,240,,,,6,6.0,FR
2014,,8,,,,0,0,,10.0,6-3,0,0,,,Tyus Bowser,,,0,,,,,tyus-bowser-1,,,DE,,,,,,,,,,,,3.0,,2014,5,3.5,Houston,13,,,240,,,,0,,SO
2015,,24,,,,1,2,,14.0,6-3,1,0,,,Tyus Bowser,,,3,,,,,tyus-bowser-1,,,LB,,,,,,,,,,,,6.0,,2015,27,7.0,Houston,51,,,240,,,,8,8.0,JR
2016,,20,,,,1,0,,8.0,6-3,0,0,,,Tyus Bowser,,,4,,,,,tyus-bowser-1,,,LB,,,,,,,,,,,,8.5,,2016,27,12.0,Houston,47,,,240,,,,0,,SR
Career,,67,,,,3,2,,,6-3,2,0,,,Tyus Bowser,,,9,,,,,tyus-bowser-1,,,LB,,,,,,,,,,,,22.5,,Career,70,28.0,Houston,137,,,240,,,,14,7.0,
