,adjusted_yards_per_attempt,assists_on_tackles,completed_passes,extra_points_made,field_goals_made,fumbles_forced,fumbles_recovered,fumbles_recovered_for_touchdown,games,height,interceptions,interceptions_returned_for_touchdown,interceptions_thrown,kickoff_return_touchdowns,name,other_touchdowns,pass_attempts,passes_defended,passing_completion,passing_touchdowns,passing_yards,passing_yards_per_attempt,player_id,plays_from_scrimmage,points,position,punt_return_touchdowns,quarterback_rating,receiving_touchdowns,receiving_yards,receiving_yards_per_reception,receptions,rush_attempts,rush_touchdowns,rush_yards,rush_yards_per_attempt,rushing_and_receiving_touchdowns,sacks,safeties,season,solo_tackles,tackles_for_loss,team_abbreviation,total_tackles,total_touchdowns,two_point_conversions,weight,yards_from_scrimmage,yards_from_scrimmage_per_play,yards_recovered_from_fumble,yards_returned_from_interceptions,yards_returned_per_interception,year
2016,,12,,0,0,0,0,,12.0,6-4,0,0,,0,Nick Bosa,,,0,,,,,nick-bosa-1,,0,DE,0,,,,,,,,,,,5.0,,2016,17,7.0,Ohio State,29,0,,270,,,,0,,FR
2017,,15,,0,0,1,0,,14.0,6-4,0,0,,0,Nick Bosa,,,2,,,,,nick-bosa-1,,0,DL,0,,,,,,,,,,,8.5,,2017,19,16.0,Ohio State,34,0,,270,,,,0,,SO
2018,,3,,0,0,1,0,1.0,3.0,6-4,0,0,,0,Nick Bosa,0.0,,0,,,,,nick-bosa-1,,6,DE,0,,,,,,,,,,,4.0,,2018,11,6.0,Ohio State,14,1,,270,,,,0,,JR
Career,,30,,0,0,2,0,1.0,,6-4,0,0,,0,Nick Bosa,0.0,,2,,,,,nick-bosa-1,,6,DE,0,,,,,,,,,,,17.5,,Career,47,29.0,Ohio State,77,1,,270,,,,0,,
