,adjusted_net_yards_per_attempt_index,adjusted_net_yards_per_pass_attempt,adjusted_yards_per_attempt,adjusted_yards_per_attempt_index,all_purpose_yards,approximate_value,assists_on_tackles,attempted_passes,birth_date,blocked_punts,catch_percentage,completed_passes,completion_percentage_index,espn_qbr,extra_point_percentage,extra_points_attempted,extra_points_made,field_goal_percentage,field_goals_attempted,field_goals_made,fifty_plus_yard_field_goal_attempts,fifty_plus_yard_field_goals_made,fourth_quarter_comebacks,fourty_to_fourty_nine_yard_field_goal_attempts,fourty_to_fourty_nine_yard_field_goals_made,fumbles,fumbles_forced,fumbles_recovered,fumbles_recovered_for_touchdown,game_winning_drives,games,games_started,height,interception_percentage,interception_percentage_index,interceptions,interceptions_returned_for_touchdown,interceptions_thrown,kickoff_return_touchdown,kickoff_return_yards,kickoff_returns,less_than_nineteen_yards_field_goal_attempts,less_than_nineteen_yards_field_goals_made,longest_field_goal_made,longest_interception_return,longest_kickoff_return,longest_pass,longest_punt,longest_punt_return,longest_reception,longest_rush,name,net_yards_per_attempt_index,net_yards_per_pass_attempt,passer_rating_index,passes_defended,passing_completion,passing_touchdown_percentage,passing_touchdowns,passing_yards,passing_yards_per_attempt,player_id,position,punt_return_touchdown,punt_return_yards,punt_returns,punts,qb_record,quarterback_rating,receiving_touchdowns,receiving_yards,receiving_yards_per_game,receiving_yards_per_reception,receptions,receptions_per_game,rush_attempts,rush_attempts_per_game,rush_touchdowns,rush_yards,rush_yards_per_attempt,rush_yards_per_game,rushing_and_receiving_touchdowns,sack_percentage,sack_percentage_index,sacks,safeties,season,tackles,team_abbreviation,thirty_to_thirty_nine_yard_field_goal_attempts,thirty_to_thirty_nine_yard_field_goals_made,times_pass_target,times_sacked,total_punt_yards,touchdown_percentage_index,touches,twenty_to_twenty_nine_yard_field_goal_attempts,twenty_to_twenty_nine_yard_field_goals_made,weight,yards_from_scrimmage,yards_lost_to_sacks,yards_per_attempt_index,yards_per_completed_pass,yards_per_game_played,yards_per_kickoff_return,yards_per_punt,yards_per_punt_return,yards_per_touch,yards_recovered_from_fumble,yards_returned_from_interception
2011,,,,,,5,8,,1988-03-30,,,,,,,,,,,,,,,,,0.0,1.0,0.0,0.0,,16,10,6-3,,,4,0,,,,,,,,33,,,,,,,Richard Sherman,,,,17,,,,,,SherRi00,LCB,,,,,,,,,,,,,,,,,,,,,,0.0,,2011,47,SEA,,,,,,,,,,195,,,,,,,,,,0.0,45
2012,,,,,,18,11,,1988-03-30,,,,,,,,,,,,,,,,,0.0,3.0,1.0,0.0,,16,16,6-3,,,8,1,,,,,,,,29,,,,,,,Richard Sherman,,,,24,,,,,,SherRi00,LCB,,,,,,,,,,,,,,,,,,,,,,1.0,,2012,54,SEA,,,,,,,,,,195,,,,,,,,,,0.0,57
2013,,,,,119.0,19,10,,1988-03-30,,,,,,,,,,,,,,,,,2.0,0.0,2.0,0.0,,16,16,6-3,,,8,1,,,,,,,,58,,,,-6.0,,,Richard Sherman,,,,16,,,,,,SherRi00,LCB,0.0,-6.0,1.0,,,,,,,,,,,,,,,,,,,0.0,,2013,38,SEA,,,,,,,,,,195,,,,,,,,-6.0,,0.0,125
2014,,,,,81.0,16,12,,1988-03-30,,,,,,,,,,,,,,,,,0.0,1.0,0.0,0.0,,16,16,6-3,,,4,0,,,,,,,,53,,,,0.0,,,Richard Sherman,,,,8,,,,,,SherRi00,cb/LCB,0.0,0.0,1.0,,,,,,,,,,,,,,,,,,,0.0,,2014,45,SEA,,,,,,,,,,195,,,,,,,,0.0,,0.0,81
2015,,,,,94.0,14,17,,1988-03-30,,,,,,,,,,,,,,,,,,,,,,16,16,6-3,,,2,0,,,,,,,,26,,,,64.0,,,Richard Sherman,,,,14,,,,,,SherRi00,cb/LCB,0.0,64.0,1.0,,,,,,,,,,,,,,,,,,,0.0,,2015,33,SEA,,,,,,,,,,195,,,,,,,,64.0,,,30
2016,,,,,57.0,10,20,,1988-03-30,,,,,,,,,,,,,,,,,0.0,0.0,1.0,14.0,,16,16,6-3,,,4,0,,,,,,,,31,,,,6.0,,,Richard Sherman,,,,13,,,,,,SherRi00,cb/LCB,0.0,6.0,1.0,,,,,,,,,,,,,,,,,,,0.0,,2016,38,SEA,,,,,,,,,,195,,,,,,,,6.0,,14.0,37
2017,,,,,,4,10,,1988-03-30,,,,,,,,,,,,,,,,,0.0,0.0,1.0,0.0,,9,9,6-3,,,2,0,,,,,,,,19,,,,,,,Richard Sherman,,,,7,,,,,,SherRi00,LCB,,,,,,,,,,,,,,,,,,,,,,0.0,,2017,25,SEA,,,,,,,,,,195,,,,,,,,,,0.0,20
2018,,,,,,5,7,,1988-03-30,,,,,,,,,,,,,,,,,0.0,0.0,1.0,0.0,,14,14,6-3,,,0,0,,,,,,,,0,,,,,,,Richard Sherman,,,,4,,,,,,SherRi00,LCB,,,,,,,,,,,,,,,,,,,,,,1.0,,2018,30,SFO,,,,,,,,,,195,,,,,,,,,,0.0,0
2019,,,,,,12,13,,1988-03-30,,,,,,,,,,,,,,,,,,,,,,15,15,6-3,,,3,1,,,,,,,,31,,,,,,,Richard Sherman,,,,11,,,,,,SherRi00,CB/db,,,,,,,,,,,,,,,,,,,,,,0.0,,2019,48,SFO,,,,,,,,,,195,,,,,,,,,,,65
Career,,,,,538.0,103,108,,1988-03-30,,,,,,,,,,,,,,,,,2.0,5.0,6.0,14.0,,134,128,6-3,,,35,3,,,,,,,,58,,,,64.0,,,Richard Sherman,,,,114,,,,,,SherRi00,,0.0,64.0,4.0,,,,,,,,,,,,,,,,,,,2.0,,Career,358,,,,,,,,,,,195,,,,,,,,16.0,,14.0,460
