,adjusted_net_yards_per_attempt_index,adjusted_net_yards_per_pass_attempt,adjusted_yards_per_attempt,adjusted_yards_per_attempt_index,all_purpose_yards,approximate_value,assists_on_tackles,attempted_passes,birth_date,blocked_punts,catch_percentage,completed_passes,completion_percentage_index,espn_qbr,extra_point_percentage,extra_points_attempted,extra_points_made,field_goal_percentage,field_goals_attempted,field_goals_made,fifty_plus_yard_field_goal_attempts,fifty_plus_yard_field_goals_made,fourth_quarter_comebacks,fourty_to_fourty_nine_yard_field_goal_attempts,fourty_to_fourty_nine_yard_field_goals_made,fumbles,fumbles_forced,fumbles_recovered,fumbles_recovered_for_touchdown,game_winning_drives,games,games_started,height,interception_percentage,interception_percentage_index,interceptions,interceptions_returned_for_touchdown,interceptions_thrown,kickoff_return_touchdown,kickoff_return_yards,kickoff_returns,less_than_nineteen_yards_field_goal_attempts,less_than_nineteen_yards_field_goals_made,longest_field_goal_made,longest_interception_return,longest_kickoff_return,longest_pass,longest_punt,longest_punt_return,longest_reception,longest_rush,name,net_yards_per_attempt_index,net_yards_per_pass_attempt,passer_rating_index,passes_defended,passing_completion,passing_touchdown_percentage,passing_touchdowns,passing_yards,passing_yards_per_attempt,player_id,position,punt_return_touchdown,punt_return_yards,punt_returns,punts,qb_record,quarterback_rating,receiving_touchdowns,receiving_yards,receiving_yards_per_game,receiving_yards_per_reception,receptions,receptions_per_game,rush_attempts,rush_attempts_per_game,rush_touchdowns,rush_yards,rush_yards_per_attempt,rush_yards_per_game,rushing_and_receiving_touchdowns,sack_percentage,sack_percentage_index,sacks,safeties,season,tackles,team_abbreviation,thirty_to_thirty_nine_yard_field_goal_attempts,thirty_to_thirty_nine_yard_field_goals_made,times_pass_target,times_sacked,total_punt_yards,touchdown_percentage_index,touches,twenty_to_twenty_nine_yard_field_goal_attempts,twenty_to_twenty_nine_yard_field_goals_made,weight,yards_from_scrimmage,yards_lost_to_sacks,yards_per_attempt_index,yards_per_completed_pass,yards_per_game_played,yards_per_kickoff_return,yards_per_punt,yards_per_punt_return,yards_per_touch,yards_recovered_from_fumble,yards_returned_from_interception
2008,,42.0,42.0,,,8,,1.0,1982-05-06,,66.9,1.0,,100.0,,,,,,,,,,,,0,,,,,16,16,6-6,0.0,,,,0.0,,,,,,,,,42.0,,,42,,Jason Witten,,42.0,,,100.0,0.0,0.0,42.0,42.0,WittJa00,TE,,,,,,118.7,4,952,59.5,11.8,81,5.1,,,,,,,4,,,,,2008,,DAL,,,121,0.0,,,81,,,263,952,0.0,,42.0,2.6,,,,11.8,,
Career,,42.0,42.0,,,118,0.0,1.0,1982-05-06,,71.3,1.0,,,,,,,,,,,,,,9,0.0,2.0,0.0,,255,245,6-6,0.0,,,,0.0,,,,,,,,,42.0,,,69,,Jason Witten,,42.0,,,100.0,0.0,0.0,42.0,42.0,WittJa00,,,,,,,118.7,72,12977,50.9,10.7,1215,4.8,,,,,,,72,,,0.0,,Career,4.0,,,,1703,0.0,,,1215,,,263,12977,0.0,,42.0,0.2,,,,10.7,0.0,
2003,,,,,,3,0.0,,1982-05-06,,64.8,,,,,,,,,,,,,,,0,,,,,15,7,6-6,,,,,,,,,,,,,,,,,36,,Jason Witten,,,,,,,,,,WittJa00,te/wr,,,,,,,1,347,23.1,9.9,35,2.3,,,,,,,1,,,0.0,,2003,2.0,DAL,,,54,,,,35,,,263,347,,,,,,,,9.9,,
2004,,,,,,8,,,1982-05-06,,71.3,,,,,,,,,,,,,,,2,0.0,0.0,0.0,,16,15,6-6,,,,,,,,,,,,,,,,,42,,Jason Witten,,,,,,,,,,WittJa00,TE,,,,,,,6,980,61.3,11.3,87,5.4,,,,,,,6,,,0.0,,2004,,DAL,,,122,,,,87,,,263,980,,,,,,,,11.3,0.0,
2005,,,,,,7,,,1982-05-06,,74.2,,,,,,,,,,,,,,,0,,,,,16,16,6-6,,,,,,,,,,,,,,,,,34,,Jason Witten,,,,,,,,,,WittJa00,TE,,,,,,,6,757,47.3,11.5,66,4.1,,,,,,,6,,,,,2005,,DAL,,,89,,,,66,,,263,757,,,,,,,,11.5,,
2006,,,,,,8,0.0,,1982-05-06,,71.1,,,,,,,,,,,,,,,0,,,,,16,15,6-6,,,,,,,,,,,,,,,,,42,,Jason Witten,,,,,,,,,,WittJa00,TE,,,,,,,1,754,47.1,11.8,64,4.0,,,,,,,1,,,0.0,,2006,1.0,DAL,,,90,,,,64,,,263,754,,,,,,,,11.8,,
2007,,,,,,13,,,1982-05-06,,68.1,,,,,,,,,,,,,,,1,0.0,1.0,0.0,,16,16,6-6,,,,,,,,,,,,,,,,,53,,Jason Witten,,,,,,,,,,WittJa00,TE,,,,,,,7,1145,71.6,11.9,96,6.0,,,,,,,7,,,0.0,,2007,,DAL,,,141,,,,96,,,263,1145,,,,,,,,11.9,0.0,
2009,,,,,,9,,,1982-05-06,,75.8,,,,,,,,,,,,,,,0,,,,,16,16,6-6,,,,,,,,,,,,,,,,,69,,Jason Witten,,,,,,,,,,WittJa00,TE,,,,,,,2,1030,64.4,11.0,94,5.9,,,,,,,2,,,,,2009,,DAL,,,124,,,,94,,,263,1030,,,,,,,,11.0,,
2010,,,,,,9,,,1982-05-06,,73.4,,,,,,,,,,,,,,,1,0.0,0.0,0.0,,16,16,6-6,,,,,,,,,,,,,,,,,33,,Jason Witten,,,,,,,,,,WittJa00,TE,,,,,,,9,1002,62.6,10.7,94,5.9,,,,,,,9,,,0.0,,2010,,DAL,,,128,,,,94,,,263,1002,,,,,,,,10.7,0.0,
2011,,,,,,8,,,1982-05-06,,67.5,,,,,,,,,,,,,,,1,0.0,1.0,0.0,,16,16,6-6,,,,,,,,,,,,,,,,,64,,Jason Witten,,,,,,,,,,WittJa00,TE,,,,,,,5,942,58.9,11.9,79,4.9,,,,,,,5,,,0.0,,2011,,DAL,,,117,,,,79,,,263,942,,,,,,,,11.9,0.0,
2012,,,,,,8,,,1982-05-06,,74.8,,,,,,,,,,,,,,,0,,,,,16,16,6-6,,,,,,,,,,,,,,,,,36,,Jason Witten,,,,,,,,,,WittJa00,TE,,,,,,,3,1039,64.9,9.4,110,6.9,,,,,,,3,,,,,2012,,DAL,,,147,,,,110,,,263,1039,,,,,,,,9.4,,
2013,,,,,,8,,,1982-05-06,,65.8,,,,,,,,,,,,,,,0,,,,,16,16,6-6,,,,,,,,,,,,,,,,,34,,Jason Witten,,,,,,,,,,WittJa00,TE,,,,,,,8,851,53.2,11.7,73,4.6,,,,,,,8,,,,,2013,,DAL,,,111,,,,73,,,263,851,,,,,,,,11.7,,
2014,,,,,,8,0.0,,1982-05-06,,71.1,,,,,,,,,,,,,,,0,,,,,16,16,6-6,,,,,,,,,,,,,,,,,34,,Jason Witten,,,,,,,,,,WittJa00,TE,,,,,,,5,703,43.9,11.0,64,4.0,,,,,,,5,,,0.0,,2014,1.0,DAL,,,90,,,,64,,,263,703,,,,,,,,11.0,,
2015,,,,,,4,,,1982-05-06,,74.0,,,,,,,,,,,,,,,1,0.0,0.0,0.0,,16,16,6-6,,,,,,,,,,,,,,,,,35,,Jason Witten,,,,,,,,,,WittJa00,TE,,,,,,,3,713,44.6,9.3,77,4.8,,,,,,,3,,,0.0,,2015,,DAL,,,104,,,,77,,,263,713,,,,,,,,9.3,0.0,
2016,,,,,,7,,,1982-05-06,,72.6,,,,,,,,,,,,,,,1,0.0,0.0,0.0,,16,16,6-6,,,,,,,,,,,,,,,,,35,,Jason Witten,,,,,,,,,,WittJa00,TE,,,,,,,3,673,42.1,9.8,69,4.3,,,,,,,3,,,0.0,,2016,,DAL,,,95,,,,69,,,263,673,,,,,,,,9.8,0.0,
2017,,,,,,6,,,1982-05-06,,72.4,,,,,,,,,,,,,,,1,0.0,0.0,0.0,,16,16,6-6,,,,,,,,,,,,,,,,,28,,Jason Witten,,,,,,,,,,WittJa00,TE,,,,,,,5,560,35.0,8.9,63,3.9,,,,,,,5,,,0.0,,2017,,DAL,,,87,,,,63,,,263,560,,,,,,,,8.9,0.0,
2019,,,,,,4,,,1982-05-06,,75.9,,,,,,,,,,,,,,,1,0.0,0.0,0.0,,16,16,6-6,,,,,,,,,,,,,,,,,33,,Jason Witten,,,,,,,,,,WittJa00,TE,,,,,,,4,529,33.1,8.4,63,3.9,,,,,,,4,,,0.0,,2019,,DAL,,,83,,,,63,,,263,529,,,,,,,,8.4,0.0,
