,adjusted_net_yards_per_attempt_index,adjusted_net_yards_per_pass_attempt,adjusted_yards_per_attempt,adjusted_yards_per_attempt_index,all_purpose_yards,approximate_value,assists_on_tackles,attempted_passes,birth_date,blocked_punts,catch_percentage,completed_passes,completion_percentage_index,espn_qbr,extra_point_percentage,extra_points_attempted,extra_points_made,field_goal_percentage,field_goals_attempted,field_goals_made,fifty_plus_yard_field_goal_attempts,fifty_plus_yard_field_goals_made,fourth_quarter_comebacks,fourty_to_fourty_nine_yard_field_goal_attempts,fourty_to_fourty_nine_yard_field_goals_made,fumbles,fumbles_forced,fumbles_recovered,fumbles_recovered_for_touchdown,game_winning_drives,games,games_started,height,interception_percentage,interception_percentage_index,interceptions,interceptions_returned_for_touchdown,interceptions_thrown,kickoff_return_touchdown,kickoff_return_yards,kickoff_returns,less_than_nineteen_yards_field_goal_attempts,less_than_nineteen_yards_field_goals_made,longest_field_goal_made,longest_interception_return,longest_kickoff_return,longest_pass,longest_punt,longest_punt_return,longest_reception,longest_rush,name,net_yards_per_attempt_index,net_yards_per_pass_attempt,passer_rating_index,passes_defended,passing_completion,passing_touchdown_percentage,passing_touchdowns,passing_yards,passing_yards_per_attempt,player_id,position,punt_return_touchdown,punt_return_yards,punt_returns,punts,qb_record,quarterback_rating,receiving_touchdowns,receiving_yards,receiving_yards_per_game,receiving_yards_per_reception,receptions,receptions_per_game,rush_attempts,rush_attempts_per_game,rush_touchdowns,rush_yards,rush_yards_per_attempt,rush_yards_per_game,rushing_and_receiving_touchdowns,sack_percentage,sack_percentage_index,sacks,safeties,season,tackles,team_abbreviation,thirty_to_thirty_nine_yard_field_goal_attempts,thirty_to_thirty_nine_yard_field_goals_made,times_pass_target,times_sacked,total_punt_yards,touchdown_percentage_index,touches,twenty_to_twenty_nine_yard_field_goal_attempts,twenty_to_twenty_nine_yard_field_goals_made,weight,yards_from_scrimmage,yards_lost_to_sacks,yards_per_attempt_index,yards_per_completed_pass,yards_per_game_played,yards_per_kickoff_return,yards_per_punt,yards_per_punt_return,yards_per_touch,yards_recovered_from_fumble,yards_returned_from_interception
2016,,,,,47,0,,,1993-01-27,,100.0,,,,,,,,,,,,,,,0,,,,,1,0,5-9,,,,,,0,31,1,,,,,31,,,,16,,Damiere Byrd,,,,,,,,,,ByrdDa00,,,,,,,,0,16,16.0,16.0,1,1.0,,,,,,,0,,,,,2016,,CAR,,,1,,,,1,,,180,16,,,,,31.0,,,16.0,,
2017,,,,,355,2,0.0,,1993-01-27,,58.8,,,,,,,,,,,,,,,0,0.0,1.0,0.0,,8,3,5-9,,,,,,1,229,7,,,,,103,,,9.0,31,12.0,Damiere Byrd,,,,,,,,,,ByrdDa00,wr,0.0,9.0,1.0,,,,2,105,13.1,10.5,10,1.3,1.0,0.1,0.0,12.0,12.0,1.5,2,,,0.0,,2017,1.0,CAR,,,17,,,,11,,,180,117,,,,,32.7,,9.0,10.6,0.0,
2018,,,,,146,0,,,1993-01-27,,50.0,,,,,,,,,,,,,,,0,,,,,8,0,5-9,,,,,,0,34,2,,,,,22,,,30.0,8,,Damiere Byrd,,,,,,,,,,ByrdDa00,,0.0,104.0,11.0,,,,0,8,1.0,8.0,1,0.1,,,,,,,0,,,,,2018,,CAR,,,2,,,,1,,,180,8,,,,,17.0,,9.5,8.0,,
2019,,,,,418,3,,,1993-01-27,,69.6,,,,,,,,,,,,,,,1,0.0,0.0,0.0,,11,3,5-9,,,,,,0,59,4,,,,,23,,,,58,,Damiere Byrd,,,,,,,,,,ByrdDa00,wr,,,,,,,1,359,32.6,11.2,32,2.9,,,,,,,1,,,0.0,,2019,,ARI,,,46,,,,32,,,180,359,,,,,14.8,,,11.2,0.0,
Career,,,,,966,5,1.0,,1993-01-27,,66.7,,,,,,,,,,,,,,,1,0.0,1.0,0.0,,28,6,5-9,,,,,,1,353,14,,,,,103,,,30.0,58,12.0,Damiere Byrd,,,,,,,,,,ByrdDa00,,0.0,113.0,12.0,,,,3,488,17.4,11.1,44,1.6,1.0,0.0,0.0,12.0,12.0,0.4,3,,,0.0,,Career,1.0,,,,66,,,,45,,,180,500,,,,,25.2,,9.4,11.1,0.0,
