,adjusted_net_yards_per_attempt_index,adjusted_net_yards_per_pass_attempt,adjusted_yards_per_attempt,adjusted_yards_per_attempt_index,all_purpose_yards,approximate_value,assists_on_tackles,attempted_passes,birth_date,blocked_punts,catch_percentage,completed_passes,completion_percentage_index,espn_qbr,extra_point_percentage,extra_points_attempted,extra_points_made,field_goal_percentage,field_goals_attempted,field_goals_made,fifty_plus_yard_field_goal_attempts,fifty_plus_yard_field_goals_made,fourth_quarter_comebacks,fourty_to_fourty_nine_yard_field_goal_attempts,fourty_to_fourty_nine_yard_field_goals_made,fumbles,fumbles_forced,fumbles_recovered,fumbles_recovered_for_touchdown,game_winning_drives,games,games_started,height,interception_percentage,interception_percentage_index,interceptions,interceptions_returned_for_touchdown,interceptions_thrown,kickoff_return_touchdown,kickoff_return_yards,kickoff_returns,less_than_nineteen_yards_field_goal_attempts,less_than_nineteen_yards_field_goals_made,longest_field_goal_made,longest_interception_return,longest_kickoff_return,longest_pass,longest_punt,longest_punt_return,longest_reception,longest_rush,name,net_yards_per_attempt_index,net_yards_per_pass_attempt,passer_rating_index,passes_defended,passing_completion,passing_touchdown_percentage,passing_touchdowns,passing_yards,passing_yards_per_attempt,player_id,position,punt_return_touchdown,punt_return_yards,punt_returns,punts,qb_record,quarterback_rating,receiving_touchdowns,receiving_yards,receiving_yards_per_game,receiving_yards_per_reception,receptions,receptions_per_game,rush_attempts,rush_attempts_per_game,rush_touchdowns,rush_yards,rush_yards_per_attempt,rush_yards_per_game,rushing_and_receiving_touchdowns,sack_percentage,sack_percentage_index,sacks,safeties,season,tackles,team_abbreviation,thirty_to_thirty_nine_yard_field_goal_attempts,thirty_to_thirty_nine_yard_field_goals_made,times_pass_target,times_sacked,total_punt_yards,touchdown_percentage_index,touches,twenty_to_twenty_nine_yard_field_goal_attempts,twenty_to_twenty_nine_yard_field_goals_made,weight,yards_from_scrimmage,yards_lost_to_sacks,yards_per_attempt_index,yards_per_completed_pass,yards_per_game_played,yards_per_kickoff_return,yards_per_punt,yards_per_punt_return,yards_per_touch,yards_recovered_from_fumble,yards_returned_from_interception
2017,,,,,,1,3.0,,1993-08-17,,66.7,,,,,,,,,,,,,,,0,0.0,1.0,0.0,,16,0,6-2,,,,,,,,,,,,,,,,,18,14,Elijhaa Penny,,,,,,,,,,PennEl00,,,,,,,,0,38,2.4,9.5,4,0.3,31,1.9,2,124,4.0,7.8,2,,,0.0,,2017,9.0,ARI,,,6,,,,35,,,234,162,,,,,,,,4.6,0.0,
2018,,,,,,1,,,1993-08-17,,88.9,,,,,,,,,,,,,,,0,,,,,14,3,6-2,,,,,,,,,,,,,,,,,16,8,Elijhaa Penny,,,,,,,,,,PennEl00,rb,,,,,,,0,50,3.6,6.3,8,0.6,7,0.5,0,25,3.6,1.8,0,,,,,2018,,NYG,,,9,,,,15,,,234,75,,,,,,,,5.0,,
2019,,,,,,0,,,1993-08-17,,50.0,,,,,,,,,,,,,,,0,0.0,1.0,0.0,,16,1,6-2,,,,,,,,,,,,,,,,,9,6,Elijhaa Penny,,,,,,,,,,PennEl00,rb,,,,,,,0,9,0.6,4.5,2,0.1,15,0.9,0,39,2.6,2.4,0,,,0.0,,2019,,NYG,,,4,,,,17,,,234,48,,,,,,,,2.8,0.0,
Career,,,,,,2,5.0,,1993-08-17,,73.7,,,,,,,,,,,,,,,0,0.0,2.0,0.0,,46,4,6-2,,,,,,,,,,,,,,,,,18,14,Elijhaa Penny,,,,,,,,,,PennEl00,,,,,,,,0,97,2.1,6.9,14,0.3,53,1.2,2,188,3.5,4.1,2,,,0.0,,Career,9.0,,,,19,,,,67,,,234,285,,,,,,,,4.3,0.0,
