,adjusted_net_yards_per_attempt_index,adjusted_net_yards_per_pass_attempt,adjusted_yards_per_attempt,adjusted_yards_per_attempt_index,all_purpose_yards,approximate_value,assists_on_tackles,attempted_passes,birth_date,blocked_punts,catch_percentage,completed_passes,completion_percentage_index,espn_qbr,extra_point_percentage,extra_points_attempted,extra_points_made,field_goal_percentage,field_goals_attempted,field_goals_made,fifty_plus_yard_field_goal_attempts,fifty_plus_yard_field_goals_made,fourth_quarter_comebacks,fourty_to_fourty_nine_yard_field_goal_attempts,fourty_to_fourty_nine_yard_field_goals_made,fumbles,fumbles_forced,fumbles_recovered,fumbles_recovered_for_touchdown,game_winning_drives,games,games_started,height,interception_percentage,interception_percentage_index,interceptions,interceptions_returned_for_touchdown,interceptions_thrown,kickoff_return_touchdown,kickoff_return_yards,kickoff_returns,less_than_nineteen_yards_field_goal_attempts,less_than_nineteen_yards_field_goals_made,longest_field_goal_made,longest_interception_return,longest_kickoff_return,longest_pass,longest_punt,longest_punt_return,longest_reception,longest_rush,name,net_yards_per_attempt_index,net_yards_per_pass_attempt,passer_rating_index,passes_defended,passing_completion,passing_touchdown_percentage,passing_touchdowns,passing_yards,passing_yards_per_attempt,player_id,position,punt_return_touchdown,punt_return_yards,punt_returns,punts,qb_record,quarterback_rating,receiving_touchdowns,receiving_yards,receiving_yards_per_game,receiving_yards_per_reception,receptions,receptions_per_game,rush_attempts,rush_attempts_per_game,rush_touchdowns,rush_yards,rush_yards_per_attempt,rush_yards_per_game,rushing_and_receiving_touchdowns,sack_percentage,sack_percentage_index,sacks,safeties,season,tackles,team_abbreviation,thirty_to_thirty_nine_yard_field_goal_attempts,thirty_to_thirty_nine_yard_field_goals_made,times_pass_target,times_sacked,total_punt_yards,touchdown_percentage_index,touches,twenty_to_twenty_nine_yard_field_goal_attempts,twenty_to_twenty_nine_yard_field_goals_made,weight,yards_from_scrimmage,yards_lost_to_sacks,yards_per_attempt_index,yards_per_completed_pass,yards_per_game_played,yards_per_kickoff_return,yards_per_punt,yards_per_punt_return,yards_per_touch,yards_recovered_from_fumble,yards_returned_from_interception
2012,,,,,,3,0.0,,1987-12-27,,,,,,100.0,26,26,74.2,31,23,13,7,,7,7,,,,,,16,0.0,6-0,,,,,,,,,1.0,1.0,60,,,,,,,,Greg Zuerlein,,,,,,,,,,ZuerGr00,K,,,,,,,,,,,,,,,,,,,,,,0.0,,2012,2.0,STL,6,4,,,,,,4,4,191,,,,,,,,,,,
2013,,,,,,4,0.0,,1987-12-27,,,,,,100.0,34,34,92.9,28,26,2,1,,9,8,,,,,,16,0.0,6-0,,,,,,,,,,,54,,,,,,,,Greg Zuerlein,,,,,,,,,,ZuerGr00,K,,,,,,,,,,,,,,,,,,,,,,0.0,,2013,1.0,STL,10,10,,,,,,7,7,191,,,,,,,,,,,
2014,,,,,,2,0.0,,1987-12-27,,,,,,97.1,35,34,80.0,30,24,7,5,,3,2,,,,,,16,0.0,6-0,,,,,,,,,1.0,1.0,56,,,,,,,,Greg Zuerlein,,,,,,,,,,ZuerGr00,K,,,,,,,,,,,,,,,,,,,,,,0.0,,2014,1.0,STL,12,10,,,,,,7,6,191,,,,,,,,,,,
2015,,,,,,0,0.0,,1987-12-27,,,,,,92.9,28,26,66.7,30,20,9,3,,8,5,,,,,,14,0.0,6-0,,,,,,,,,1.0,1.0,61,,,,,,,,Greg Zuerlein,,,,,,,,,,ZuerGr00,K,,,,,,,,,,,,,,,,,,,,,,0.0,,2015,2.0,STL,10,9,,,,,,2,2,191,,,,,,,,,,,
2018,,,,,,3,0.0,,1987-12-27,,,,,,97.2,36,35,87.1,31,27,6,4,,6,4,,,,,,11,0.0,6-0,,,,,,,,,,,56,,,,,,,,Greg Zuerlein,,,,,,,,,,ZuerGr00,K,,,,,,,,,,,,,,,,,,,,,,0.0,,2018,1.0,LAR,10,10,,,,,,9,9,191,,,,,,,,,,,
Career,,,,,,24,1.0,,1987-12-27,,,,,,97.8,270,264,82.0,245,201,55,33,,60,46,,,,,,119,,6-0,,,,,,,,,4.0,4.0,61,,,,,,,,Greg Zuerlein,,,,,,,,,,ZuerGr00,,,,,,,,,,,,,,,,,,,,,,,0.0,,Career,7.0,,77,70,,,,,,49,48,191,,,,,,,,,,,
2016,,,,,,4,,,1987-12-27,,,,,,100.0,23,23,86.4,22,19,4,2,,4,3,,,,,,16,0.0,6-0,,,,,,,,,,,54,,,,,,,,Greg Zuerlein,,,,,,,,,,ZuerGr00,K,,,,,,,,,,,,,,,,,,,,,,,,2016,,LAR,9,9,,,,,,5,5,191,,,,,,,,,,,
2017,,,,,,6,,,1987-12-27,,,,,,95.7,46,44,95.0,40,38,7,6,,12,12,,,,,,14,0.0,6-0,,,,,,,,,1.0,1.0,56,,,,,,,,Greg Zuerlein,,,,,,,,,,ZuerGr00,K,,,,,,,,,,,,,,,,,,,,,,,,2017,,LAR,12,11,,,,,,8,8,191,,,,,,,,,,,
2019,,,,,,2,,,1987-12-27,,,,,,100.0,42,42,72.7,33,24,7,5,,11,5,,,,,,16,0.0,6-0,,,,,,,,,,,58,,,,,,,,Greg Zuerlein,,,,,,,,,,ZuerGr00,K,,,,,,,,,,,,,,,,,,,,,,,,2019,,LAR,8,7,,,,,,7,7,191,,,,,,,,,,,
