,adjusted_yards_per_attempt,assists_on_tackles,completed_passes,extra_points_made,field_goals_made,fumbles_forced,fumbles_recovered,fumbles_recovered_for_touchdown,games,height,interceptions,interceptions_returned_for_touchdown,interceptions_thrown,kickoff_return_touchdowns,name,other_touchdowns,pass_attempts,passes_defended,passing_completion,passing_touchdowns,passing_yards,passing_yards_per_attempt,player_id,plays_from_scrimmage,points,position,punt_return_touchdowns,quarterback_rating,receiving_touchdowns,receiving_yards,receiving_yards_per_reception,receptions,rush_attempts,rush_touchdowns,rush_yards,rush_yards_per_attempt,rushing_and_receiving_touchdowns,sacks,safeties,season,solo_tackles,tackles_for_loss,team_abbreviation,total_tackles,total_touchdowns,two_point_conversions,weight,yards_from_scrimmage,yards_from_scrimmage_per_play,yards_recovered_from_fumble,yards_returned_from_interceptions,yards_returned_per_interception,year
2012,,4,,,,1,1,0.0,,6-2,,,,,Kwon Alexander,,,1,,,,,kwon-alexander-1,,,LB,,,,,,,,,,,,0.0,,2012,8,1.0,LSU,12,,,227,,,15.0,,,FR
2013,,35,,,,0,0,,13.0,6-2,0.0,0.0,,,Kwon Alexander,,,3,,,,,kwon-alexander-1,,,LB,,,,,,,,,,,,0.0,,2013,30,6.5,LSU,65,,,227,,,,0.0,,SO
2014,,50,,,,2,0,,12.0,6-2,0.0,0.0,,,Kwon Alexander,,,1,,,,,kwon-alexander-1,,,LB,,,,,,,,,,,,1.5,,2014,40,7.5,LSU,90,,,227,,,,0.0,,JR
Career,,89,,,,3,1,0.0,,6-2,0.0,0.0,,,Kwon Alexander,,,5,,,,,kwon-alexander-1,,,LB,,,,,,,,,,,,1.5,,Career,78,15.0,LSU,167,,,227,,,15.0,0.0,,
