,adjusted_yards_per_attempt,assists_on_tackles,completed_passes,extra_points_made,field_goals_made,fumbles_forced,fumbles_recovered,fumbles_recovered_for_touchdown,games,height,interceptions,interceptions_returned_for_touchdown,interceptions_thrown,kickoff_return_touchdowns,name,other_touchdowns,pass_attempts,passes_defended,passing_completion,passing_touchdowns,passing_yards,passing_yards_per_attempt,player_id,plays_from_scrimmage,points,position,punt_return_touchdowns,quarterback_rating,receiving_touchdowns,receiving_yards,receiving_yards_per_reception,receptions,rush_attempts,rush_touchdowns,rush_yards,rush_yards_per_attempt,rushing_and_receiving_touchdowns,sacks,safeties,season,solo_tackles,tackles_for_loss,team_abbreviation,total_tackles,total_touchdowns,two_point_conversions,weight,yards_from_scrimmage,yards_from_scrimmage_per_play,yards_recovered_from_fumble,yards_returned_from_interceptions,yards_returned_per_interception,year
2013,4.0,0,9,0,0,0,0,,5.0,6-2,0,0,2,0,C.J. Beathard,,27,0,33.3,1,179,6.6,cj-beathard-1,13,12,QB,0,86.4,0,0,,0,13,2,49,3.8,2,0.0,,2013,1,0.0,Iowa,1,2,,219,49,3.8,,0,,FR
2014,7.1,0,52,0,0,0,0,,8.0,6-2,0,0,2,0,C.J. Beathard,,92,0,56.5,5,645,7.0,cj-beathard-1,28,0,QB,0,129.0,0,0,,0,28,0,156,5.6,0,0.0,,2014,0,0.0,Iowa,0,0,,219,156,5.6,,0,,SO
2015,8.1,0,223,0,0,0,0,,14.0,6-2,0,0,5,0,C.J. Beathard,,362,0,61.6,17,2809,7.8,cj-beathard-1,100,36,QB,0,139.5,0,0,,0,100,6,237,2.4,6,0.0,,2015,0,0.0,Iowa,0,6,,219,237,2.4,,0,,JR
2016,6.0,0,170,0,0,0,0,,13.0,6-2,0,0,10,0,C.J. Beathard,,301,0,56.5,17,1929,6.4,cj-beathard-1,83,12,QB,0,122.3,0,0,,0,83,2,-13,-0.2,2,0.0,,2016,0,0.0,Iowa,0,2,,219,-13,-0.2,,0,,SR
Career,7.0,0,454,0,0,0,0,,,6-2,0,0,19,0,C.J. Beathard,,782,0,58.1,40,5562,7.1,cj-beathard-1,224,60,QB,0,129.8,0,0,,0,224,10,429,1.9,10,0.0,,Career,1,0.0,Iowa,1,10,,219,429,1.9,,0,,
