,adjusted_net_yards_per_attempt_index,adjusted_net_yards_per_pass_attempt,adjusted_yards_per_attempt,adjusted_yards_per_attempt_index,all_purpose_yards,approximate_value,assists_on_tackles,attempted_passes,birth_date,blocked_punts,catch_percentage,completed_passes,completion_percentage_index,espn_qbr,extra_point_percentage,extra_points_attempted,extra_points_made,field_goal_percentage,field_goals_attempted,field_goals_made,fifty_plus_yard_field_goal_attempts,fifty_plus_yard_field_goals_made,fourth_quarter_comebacks,fourty_to_fourty_nine_yard_field_goal_attempts,fourty_to_fourty_nine_yard_field_goals_made,fumbles,fumbles_forced,fumbles_recovered,fumbles_recovered_for_touchdown,game_winning_drives,games,games_started,height,interception_percentage,interception_percentage_index,interceptions,interceptions_returned_for_touchdown,interceptions_thrown,kickoff_return_touchdown,kickoff_return_yards,kickoff_returns,less_than_nineteen_yards_field_goal_attempts,less_than_nineteen_yards_field_goals_made,longest_field_goal_made,longest_interception_return,longest_kickoff_return,longest_pass,longest_punt,longest_punt_return,longest_reception,longest_rush,name,net_yards_per_attempt_index,net_yards_per_pass_attempt,passer_rating_index,passes_defended,passing_completion,passing_touchdown_percentage,passing_touchdowns,passing_yards,passing_yards_per_attempt,player_id,position,punt_return_touchdown,punt_return_yards,punt_returns,punts,qb_record,quarterback_rating,receiving_touchdowns,receiving_yards,receiving_yards_per_game,receiving_yards_per_reception,receptions,receptions_per_game,rush_attempts,rush_attempts_per_game,rush_touchdowns,rush_yards,rush_yards_per_attempt,rush_yards_per_game,rushing_and_receiving_touchdowns,sack_percentage,sack_percentage_index,sacks,safeties,season,tackles,team_abbreviation,thirty_to_thirty_nine_yard_field_goal_attempts,thirty_to_thirty_nine_yard_field_goals_made,times_pass_target,times_sacked,total_punt_yards,touchdown_percentage_index,touches,twenty_to_twenty_nine_yard_field_goal_attempts,twenty_to_twenty_nine_yard_field_goals_made,weight,yards_from_scrimmage,yards_lost_to_sacks,yards_per_attempt_index,yards_per_completed_pass,yards_per_game_played,yards_per_kickoff_return,yards_per_punt,yards_per_punt_return,yards_per_touch,yards_recovered_from_fumble,yards_returned_from_interception
2016,,0.0,0.0,,,8,,1.0,1989-11-21,,,0.0,,,100.0,27,27,97.4,39,38,10,10,,14,14,,,,,,16,0.0,6-1,0.0,,,,0.0,,,,,,57,,,0.0,,,,,Justin Tucker,,0.0,,,0.0,0.0,0.0,0.0,0.0,TuckJu00,K,,,,,,39.6,,,,,,,,,,,,,,,,,,2016,,BAL,11,10,,0.0,,,,4,4,183,,0.0,,,0.0,,,,,,
Career,,0.0,0.0,,,41,0.0,1.0,1989-11-21,,,0.0,,,99.0,301,298,90.8,292,265,55,39,,87,78,,,,,,128,,6-1,0.0,,,,0.0,,,,,,61,,,0.0,,,,,Justin Tucker,,0.0,,,0.0,0.0,0.0,0.0,0.0,TuckJu00,,,,,,,39.6,,,,,,,,,,,,,,,,0.0,,Career,5.0,,82,80,,0.0,,,,68,68,183,,0.0,,,0.0,,,,,,
2012,,,,,,5,0.0,,1989-11-21,,,,,,100.0,42,42,90.9,33,30,4,4,,13,10,,,,,,16,0.0,6-1,,,,,,,,,,,56,,,,,,,,Justin Tucker,,,,,,,,,,TuckJu00,K,,,,,,,,,,,,,,,,,,,,,,0.0,,2012,1.0,BAL,8,8,,,,,,8,8,183,,,,,,,,,,,
2015,,,,,,3,0.0,,1989-11-21,,,,,,100.0,29,29,82.5,40,33,10,4,,11,10,,,,,,16,0.0,6-1,,,,,,,,,,,52,,,,,,,,Justin Tucker,,,,,,,,,,TuckJu00,K,,,,,,,,,,,,,,,,,,,,,,0.0,,2015,1.0,BAL,9,9,,,,,,10,10,183,,,,,,,,,,,
2017,,,,,,6,0.0,,1989-11-21,,,,,,100.0,39,39,91.9,37,34,7,5,,12,11,,,,,,16,0.0,6-1,,,,,,,,,,,57,,,,,,,,Justin Tucker,,,,,,,,,,TuckJu00,K,,,,,,,,,,,,,,,,,,,,,,0.0,,2017,3.0,BAL,11,11,,,,,,7,7,183,,,,,,,,,,,
2013,,,,,,5,,,1989-11-21,,,,,,100.0,26,26,92.7,41,38,7,6,,11,10,,,,,,16,0.0,6-1,,,,,,,,,,,61,,,,,,,,Justin Tucker,,,,,,,,,,TuckJu00,K,,,,,,,,,,,,,,,,,,,,,,,,2013,,BAL,14,13,,,,,,9,9,183,,,,,,,,,,,
2014,,,,,,4,,,1989-11-21,,,,,,100.0,42,42,85.3,34,29,9,4,,4,4,,,,,,16,0.0,6-1,,,,,,,,,,,55,,,,,,,,Justin Tucker,,,,,,,,,,TuckJu00,K,,,,,,,,,,,,,,,,,,,,,,,,2014,,BAL,11,11,,,,,,10,10,183,,,,,,,,,,,
2018,,,,,,4,,,1989-11-21,,,,,,97.3,37,36,89.7,39,35,7,5,,11,9,,,,,,16,0.0,6-1,,,,,,,,,,,56,,,,,,,,Justin Tucker,,,,,,,,,,TuckJu00,K,,,,,,,,,,,,,,,,,,,,,,,,2018,,BAL,9,9,,,,,,12,12,183,,,,,,,,,,,
2019,,,,,,6,,,1989-11-21,,,,,,96.6,59,57,96.6,29,28,1,1,,11,10,,,,,,16,0.0,6-1,,,,,,,,,,,51,,,,,,,,Justin Tucker,,,,,,,,,,TuckJu00,K,,,,,,,,,,,,,,,,,,,,,,,,2019,,BAL,9,9,,,,,,8,8,183,,,,,,,,,,,
