,adjusted_net_yards_per_attempt_index,adjusted_net_yards_per_pass_attempt,adjusted_yards_per_attempt,adjusted_yards_per_attempt_index,all_purpose_yards,approximate_value,assists_on_tackles,attempted_passes,birth_date,blocked_punts,catch_percentage,completed_passes,completion_percentage_index,espn_qbr,extra_point_percentage,extra_points_attempted,extra_points_made,field_goal_percentage,field_goals_attempted,field_goals_made,fifty_plus_yard_field_goal_attempts,fifty_plus_yard_field_goals_made,fourth_quarter_comebacks,fourty_to_fourty_nine_yard_field_goal_attempts,fourty_to_fourty_nine_yard_field_goals_made,fumbles,fumbles_forced,fumbles_recovered,fumbles_recovered_for_touchdown,game_winning_drives,games,games_started,height,interception_percentage,interception_percentage_index,interceptions,interceptions_returned_for_touchdown,interceptions_thrown,kickoff_return_touchdown,kickoff_return_yards,kickoff_returns,less_than_nineteen_yards_field_goal_attempts,less_than_nineteen_yards_field_goals_made,longest_field_goal_made,longest_interception_return,longest_kickoff_return,longest_pass,longest_punt,longest_punt_return,longest_reception,longest_rush,name,net_yards_per_attempt_index,net_yards_per_pass_attempt,passer_rating_index,passes_defended,passing_completion,passing_touchdown_percentage,passing_touchdowns,passing_yards,passing_yards_per_attempt,player_id,position,punt_return_touchdown,punt_return_yards,punt_returns,punts,qb_record,quarterback_rating,receiving_touchdowns,receiving_yards,receiving_yards_per_game,receiving_yards_per_reception,receptions,receptions_per_game,rush_attempts,rush_attempts_per_game,rush_touchdowns,rush_yards,rush_yards_per_attempt,rush_yards_per_game,rushing_and_receiving_touchdowns,sack_percentage,sack_percentage_index,sacks,safeties,season,tackles,team_abbreviation,thirty_to_thirty_nine_yard_field_goal_attempts,thirty_to_thirty_nine_yard_field_goals_made,times_pass_target,times_sacked,total_punt_yards,touchdown_percentage_index,touches,twenty_to_twenty_nine_yard_field_goal_attempts,twenty_to_twenty_nine_yard_field_goals_made,weight,yards_from_scrimmage,yards_lost_to_sacks,yards_per_attempt_index,yards_per_completed_pass,yards_per_game_played,yards_per_kickoff_return,yards_per_punt,yards_per_punt_return,yards_per_touch,yards_recovered_from_fumble,yards_returned_from_interception
2009,,,,,,11,14,,1986-05-14,,,,,,,,,,,,,,,,,0,1,3,46,,16,13,6-3,,,0.0,0.0,,,,,,,,0.0,,,,,,,Clay Matthews,,,,7.0,,,,,,MattCl99,lb/ROLB,,,,,,,,,,,,,,,,,,,,,,10.0,,2009,37,GNB,,,,,,,,,,255,,,,,,,,,,46,0.0
2010,,,,,,19,6,,1986-05-14,,,,,,,,,,,,,,,,,0,2,0,0,,15,15,6-3,,,1.0,1.0,,,,,,,,62.0,,,,,,,Clay Matthews,,,,4.0,,,,,,MattCl99,lb/LOLB,,,,,,,,,,,,,,,,,,,,,,13.5,,2010,54,GNB,,,,,,,,,,255,,,,,,,,,,0,62.0
2011,,,,,,10,13,,1986-05-14,,,,,,,,,,,,,,,,,0,3,0,0,,15,15,6-3,,,3.0,1.0,,,,,,,,38.0,,,,,,,Clay Matthews,,,,9.0,,,,,,MattCl99,LOLB,,,,,,,,,,,,,,,,,,,,,,6.0,,2011,37,GNB,,,,,,,,,,255,,,,,,,,,,0,47.0
2012,,,,,,11,11,,1986-05-14,,,,,,,,,,,,,,,,,0,1,0,0,,12,12,6-3,,,0.0,0.0,,,,,,,,0.0,,,,,,,Clay Matthews,,,,3.0,,,,,,MattCl99,ROLB,,,,,,,,,,,,,,,,,,,,,,13.0,,2012,32,GNB,,,,,,,,,,255,,,,,,,,,,0,0.0
2013,,,,,,5,15,,1986-05-14,,,,,,,,,,,,,,,,,0,3,0,0,,11,11,6-3,,,0.0,0.0,,,,,,,,0.0,,,,,,,Clay Matthews,,,,1.0,,,,,,MattCl99,ROLB,,,,,,,,,,,,,,,,,,,,,,7.5,,2013,26,GNB,,,,,,,,,,255,,,,,,,,,,0,0.0
2014,,,,,,12,16,,1986-05-14,,,,,,,,,,,,,,,,,0,2,0,0,,16,16,6-3,,,1.0,0.0,,,,,,,,40.0,,,,,,,Clay Matthews,,,,9.0,,,,,,MattCl99,lolb/mlb/rolb,,,,,,,,,,,,,,,,,,,,,,11.0,,2014,45,GNB,,,,,,,,,,255,,,,,,,,,,0,40.0
2015,,,,,,12,17,,1986-05-14,,,,,,,,,,,,,,,,,0,0,1,0,,16,16,6-3,,,1.0,0.0,,,,,,,,42.0,,,,,,,Clay Matthews,,,,3.0,,,,,,MattCl99,MLB,,,,,,,,,,,,,,,,,,,,,,6.5,,2015,49,GNB,,,,,,,,,,255,,,,,,,,,,0,42.0
2016,,,,,,4,4,,1986-05-14,,,,,,,,,,,,,,,,,0,1,0,0,,12,9,6-3,,,0.0,0.0,,,,,,,,0.0,,,,,,,Clay Matthews,,,,3.0,,,,,,MattCl99,lb/lolb/rolb,,,,,,,,,,,,,,,,,,,,,,5.0,,2016,20,GNB,,,,,,,,,,255,,,,,,,,,,0,0.0
2017,,,,,,6,16,,1986-05-14,,,,,,,,,,,,,,,,,1,1,1,63,,14,14,6-3,,,0.0,0.0,,,,,,,,0.0,,,,,,,Clay Matthews,,,,2.0,,,,,,MattCl99,LOLB/rolb,,,,,,,,,,,,,,,,,,,,,,7.5,,2017,27,GNB,,,,,,,,,,255,,,,,,,,,,63,0.0
2018,,,,,,7,14,,1986-05-14,,,,,,,,,,,,,,,,,0,1,0,0,,16,16,6-3,,,,,,,,,,,,,,,,,,,Clay Matthews,,,,,,,,,,MattCl99,LB,,,,,,,,,,,,,,,,,,,,,,3.5,,2018,29,GNB,,,,,,,,,,255,,,,,,,,,,0,
2019,,,,,,5,10,,1986-05-14,,,,,,,,,,,,,,,,,0,2,0,0,,13,13,6-3,,,0.0,0.0,,,,,,,,0.0,,,,,,,Clay Matthews,,,,3.0,,,,,,MattCl99,LB,,,,,,,,,,,,,,,,,,,,,,8.0,,2019,27,LAR,,,,,,,,,,255,,,,,,,,,,0,0.0
Career,,,,,,102,136,,1986-05-14,,,,,,,,,,,,,,,,,1,17,5,109,,156,150,6-3,,,6.0,2.0,,,,,,,,62.0,,,,,,,Clay Matthews,,,,44.0,,,,,,MattCl99,,,,,,,,,,,,,,,,,,,,,,,91.5,,Career,383,,,,,,,,,,,255,,,,,,,,,,109,191.0
