,adjusted_net_yards_per_attempt_index,adjusted_net_yards_per_pass_attempt,adjusted_yards_per_attempt,adjusted_yards_per_attempt_index,all_purpose_yards,approximate_value,assists_on_tackles,attempted_passes,birth_date,blocked_punts,catch_percentage,completed_passes,completion_percentage_index,espn_qbr,extra_point_percentage,extra_points_attempted,extra_points_made,field_goal_percentage,field_goals_attempted,field_goals_made,fifty_plus_yard_field_goal_attempts,fifty_plus_yard_field_goals_made,fourth_quarter_comebacks,fourty_to_fourty_nine_yard_field_goal_attempts,fourty_to_fourty_nine_yard_field_goals_made,fumbles,fumbles_forced,fumbles_recovered,fumbles_recovered_for_touchdown,game_winning_drives,games,games_started,height,interception_percentage,interception_percentage_index,interceptions,interceptions_returned_for_touchdown,interceptions_thrown,kickoff_return_touchdown,kickoff_return_yards,kickoff_returns,less_than_nineteen_yards_field_goal_attempts,less_than_nineteen_yards_field_goals_made,longest_field_goal_made,longest_interception_return,longest_kickoff_return,longest_pass,longest_punt,longest_punt_return,longest_reception,longest_rush,name,net_yards_per_attempt_index,net_yards_per_pass_attempt,passer_rating_index,passes_defended,passing_completion,passing_touchdown_percentage,passing_touchdowns,passing_yards,passing_yards_per_attempt,player_id,position,punt_return_touchdown,punt_return_yards,punt_returns,punts,qb_record,quarterback_rating,receiving_touchdowns,receiving_yards,receiving_yards_per_game,receiving_yards_per_reception,receptions,receptions_per_game,rush_attempts,rush_attempts_per_game,rush_touchdowns,rush_yards,rush_yards_per_attempt,rush_yards_per_game,rushing_and_receiving_touchdowns,sack_percentage,sack_percentage_index,sacks,safeties,season,tackles,team_abbreviation,thirty_to_thirty_nine_yard_field_goal_attempts,thirty_to_thirty_nine_yard_field_goals_made,times_pass_target,times_sacked,total_punt_yards,touchdown_percentage_index,touches,twenty_to_twenty_nine_yard_field_goal_attempts,twenty_to_twenty_nine_yard_field_goals_made,weight,yards_from_scrimmage,yards_lost_to_sacks,yards_per_attempt_index,yards_per_completed_pass,yards_per_game_played,yards_per_kickoff_return,yards_per_punt,yards_per_punt_return,yards_per_touch,yards_recovered_from_fumble,yards_returned_from_interception
2013,,,,,17.0,0,2.0,,1991-04-23,,0.0,,,,,,,,,,,,,,,0,0.0,1.0,0.0,,16,0,6-1,,,,,,0.0,17.0,2.0,,,,,9.0,,,,0,,Kyle Juszczyk,,,,,,,,,,JuszKy00,,,,,,,,0,0,0.0,,0,0.0,,,,,,,0,,,0.0,,2013,3.0,BAL,,,1,,,,0,,,240,0,,,,,8.5,,,,0.0,
2014,,,,,210.0,2,0.0,,1991-04-23,,70.4,,,,,,,,,,,,,,,3,0.0,0.0,0.0,,16,14,6-1,,,,,,0.0,28.0,2.0,,,,,16.0,,,,33,,Kyle Juszczyk,,,,,,,,,,JuszKy00,FB,,,,,,,1,182,11.4,9.6,19,1.2,,,,,,,1,,,0.0,,2014,3.0,BAL,,,27,,,,19,,,240,182,,,,,14.0,,,9.6,0.0,
2015,,,,,331.0,2,0.0,,1991-04-23,,73.2,,,,,,,,,,,,,,,0,,,,,16,11,6-1,,,,,,0.0,7.0,1.0,,,,,7.0,,,,39,2.0,Kyle Juszczyk,,,,,,,,,,JuszKy00,FB,,,,,,,4,321,20.1,7.8,41,2.6,2.0,0.1,0.0,3.0,1.5,0.2,4,,,0.0,,2015,1.0,BAL,,,56,,,,43,,,240,324,,,,,7.0,,,7.5,,
2016,,,,,,2,1.0,,1991-04-23,,75.5,,,,,,,,,,,,,,,0,,,,,16,7,6-1,,,,,,,,,,,,,,,,,40,10.0,Kyle Juszczyk,,,,,,,,,,JuszKy00,fb,,,,,,,0,266,16.6,7.2,37,2.3,5.0,0.3,1.0,22.0,4.4,1.4,1,,,0.0,,2016,3.0,BAL,,,49,,,,42,,,240,288,,,,,,,,6.9,,
2017,,,,,,3,0.0,,1991-04-23,,78.6,,,,,,,,,,,,,,,2,0.0,0.0,0.0,,14,10,6-1,,,,,,,,,,,,,,,,,44,12.0,Kyle Juszczyk,,,,,,,,,,JuszKy00,FB,,,,,,,1,315,22.5,9.5,33,2.4,7.0,0.5,0.0,31.0,4.4,2.2,1,,,0.0,,2017,2.0,SFO,,,42,,,,40,,,240,346,,,,,,,,8.7,0.0,
2018,,,,,,3,,,1991-04-23,,73.2,,,,,,,,,,,,,,,2,0.0,0.0,0.0,,16,14,6-1,,,,,,,,,,,,,,,,,56,12.0,Kyle Juszczyk,,,,,,,,,,JuszKy00,FB,,,,,,,1,324,20.3,10.8,30,1.9,8.0,0.5,0.0,30.0,3.8,1.9,1,,,0.0,,2018,,SFO,,,41,,,,38,,,240,354,,,,,,,,9.3,0.0,
2019,,,,,,3,,,1991-04-23,,83.3,,,,,,,,,,,,,,,0,0.0,1.0,14.0,,12,12,6-1,,,,,,,,,,,,,,,,,49,6.0,Kyle Juszczyk,,,,,,,,,,JuszKy00,FB/rb,,,,,,,1,239,19.9,12.0,20,1.7,3.0,0.3,0.0,7.0,2.3,0.6,1,,,0.0,,2019,,SFO,,,24,,,,23,,,240,246,,,,,,,,10.7,14.0,
Career,,,,,1806.0,15,3.0,,1991-04-23,,75.0,,,,,,,,,,,,,,,7,0.0,2.0,14.0,,106,68,6-1,,,,,,0.0,52.0,5.0,,,,,16.0,,,,56,12.0,Kyle Juszczyk,,,,,,,,,,JuszKy00,,,,,,,,8,1647,15.5,9.2,180,1.7,25.0,0.2,1.0,93.0,3.7,0.9,9,,,0.0,,Career,12.0,,,,240,,,,205,,,240,1740,,,,,10.4,,,8.5,14.0,
